id,label
eecwqtt,5
ed5f85d,1
een27c3,3
eelgwd1,3
eem5uti,4
ef2nq7i,3
efdbh17,3
ef0ec3b,3
ee8utmi,5
eeni74k,5
eeaf7fg,4
ee3yyz3,3
eegij2q,3
edk4e66,2
eemuu4u,0
ed2e00i,4
eearbor,3
ee5usgu,3
eeyh5zd,6
edl0qqn,5
edqu2eu,6
edr2ac7,4
efcweyl,0
edlolx7,3
edud7ko,0
ed2owpy,4
ed7xq99,6
edlt8ec,4
ed8llym,6
efbc6vs,0
ef40zom,5
eexh9wg,3
effp5yy,6
ee2k9xt,4
eebevzm,4
eewl3mr,3
ed79rh8,0
ed3fb5o,0
ee1veao,6
edmjk91,6
eeq3vim,5
ecznohs,3
efh4i9q,3
ed9tl7w,6
eeb3qct,1
effpzpj,4
ee91vnl,3
eergt89,6
edwusd2,0
edu3ej8,4
edh4bh0,4
ee6r3z3,5
eelcrmi,3
ee4i1fa,6
eenqt5a,3
edw7914,3
eduhsgm,4
ed6i4q3,3
edafngg,5
ee5s4hc,5
ef2d4r4,4
ef9jsun,0
eel5zy8,4
eepas3b,4
eddtkaz,4
edv9e8a,3
eeq65gb,0
ee2miso,2
edlghte,3
ee3cjuy,3
efez3zf,4
efew04b,4
ef36pjp,3
ee61xwb,0
eeknym4,6
edzpqou,0
edpy7ic,5
effht3y,3
eduzgrd,3
eem0tr0,5
ed2270m,4
efe4dav,4
ees8ic1,6
eeglc1u,4
ed99kw8,2
ef6bmgl,4
eeefyb7,3
ef7nqh3,6
eczpg76,6
eepd52b,3
eesstwu,4
edpnfan,6
ed7101k,4
edfa1xi,0
ef034gw,4
edhi0is,3
edcbf6y,0
ed9g2pm,4
edgzi2r,3
eemvyc7,0
edhyt2k,3
edw8ngq,6
ednv08m,3
ef8zi31,3
edj2w4y,4
edz6ueh,6
edgh3zs,6
eel4gs7,3
eeshw8b,3
ed3yh0x,6
ee6yip2,5
eeqrehq,0
eey7nln,3
edafb8b,6
ee8yo65,2
ee72nwi,4
eeaneup,3
edlh3uc,4
ed4bex7,2
eerxgyw,1
efegrrd,0
edarr34,3
eedca2p,0
edoylkl,4
edt4eie,3
edzabio,0
ed4wohn,4
ee3er1y,1
ee8f04x,3
ed3az8l,6
efdvxbg,4
eeylnbj,0
eetll9u,0
edwigye,4
ed0wflq,6
ednydkc,3
eeo4tmk,4
ee3f3rb,3
ef8bvwo,4
ed8dzji,4
edms25d,4
efg4yc0,4
ef9e6q1,6
ef140vi,4
eel6gvc,5
eevyxqa,6
ed6qwkd,4
ee6pk8e,6
ed6baxy,4
ef4byo4,0
efhc56l,3
eennz0q,2
edokp85,6
eeveo5j,3
ee5t62n,6
edlcpd2,3
efh1if9,3
edvbkon,4
ee2728j,4
edlrjtg,4
eejn8qt,5
eemdkb8,6
ef5jr6d,4
ed81xss,0
ed8goyk,6
ed7zetw,3
ef86g11,1
eedb4yi,4
eer3ivh,0
ee5gb4z,4
ef14jkh,2
ed6kkav,4
edh8fue,3
ed47cy9,4
ef7mlrx,6
efa7iej,0
eetgtfg,4
ef86fm9,1
eer8az4,4
edrxr2g,1
eewz7n5,4
ed01hr6,4
ef8rr6k,6
eea0yiz,4
eczf1y3,3
ee764ok,3
edxwxqq,3
eey5v8c,4
ef7jyoy,4
edgd27r,3
ed5wo2w,4
edyixqx,4
ee6f4rc,3
edbu11g,3
edeyffz,3
efe9gy5,4
ed27gpt,1
ee3qxfa,4
effn3uq,5
effpgd8,3
ee1gdzz,4
ednzj77,0
edbs8eq,1
ee7nmgv,4
edwz3b6,6
eevddj9,4
edvyqrk,5
eent12k,0
edjzy2m,4
ee1gut4,6
edu8kdb,6
eeqv1qh,4
eem9882,4
eeiz4az,4
edkhvns,5
eergeej,3
eei0qn6,4
eevxvpw,4
eeoqkey,5
edio3tc,0
eezxxj1,3
edv7vga,4
edxysbg,6
een6y2q,2
eetaj2w,0
ee7v0sm,0
edbp4ac,6
ees8pe7,4
eex60my,5
eec6zh5,0
ee923dm,4
eejkbxh,3
edzup6c,0
eehwczq,6
ed68l0m,0
edo16o4,2
ed953v8,0
eenxh4a,4
ee7tr51,1
eczctf2,3
efe7dhe,3
eexokuy,3
eegmyvu,1
ef7vttg,5
ef7o72y,4
eenaucw,4
ed0doqm,0
ed3zbgg,5
eff0n0r,0
edv6jlh,3
eex03jb,0
edqzozq,1
eczi9zh,3
ed73ats,0
ee21fcc,3
eduhfmn,6
effzsws,0
ed5xupu,4
edm818l,6
ed21rmg,6
edih1gx,6
edlkuf1,6
eepfpfw,3
eemlaus,6
edcco5v,4
ef98ha3,4
edgyot7,0
edkna0p,3
efdeq8k,6
efc47mw,3
eebycs1,1
ee0tsrm,0
ef7rklz,6
ee3q2de,1
edlstd9,4
eei0gvc,6
efenjqc,3
ee6jq3a,6
edrdw3q,2
edhk9up,4
eduatr1,3
ee8wr0s,4
eczfxm4,1
edimk97,4
ed4vtot,1
ee0m92o,3
ednc0w3,3
edm50mu,4
eeeublc,4
edjpabe,6
edmnrao,3
edeufe4,4
eehfwa0,0
ed96j9t,6
edw4s1x,3
ef8avyw,5
edu1eit,3
eezp9ua,0
edpq3n3,0
eeok732,2
ee5fhjg,3
efdzhjo,6
ef54cd2,3
edoi0c4,3
ednn21r,4
eeay7pk,3
ef2cx6f,3
ee0euqi,5
ee33hfo,4
eedhkjf,0
ee2nxtg,4
eeabf0x,6
eeu3o3n,3
edh6ugg,4
ed4wv7r,0
edl8i5w,3
edw4ttk,4
eczy6qb,4
edg4dgb,0
ed7l3ek,4
eenghno,4
edyazgo,4
ed2km2n,3
ed075k7,0
edpemfy,3
eezhhq0,3
eepmpua,4
edhr160,4
edzzt4w,4
eexopg6,4
edvsbyt,4
eduylqg,5
ef8teke,4
eelnjmz,0
eeyqqk8,6
ee79mi6,0
efevjno,1
efh7js0,4
edcmhdm,6
eeihmpa,5
ee7qsxc,3
edtiht5,4
eecsm3r,3
edvb95p,3
edy6ats,3
ee3xlfx,6
eczghwg,0
edhzgg4,3
eehujyb,0
eekopnk,4
efc94jc,0
efflffk,6
ed9tkng,2
ed6v57b,3
ef6faxz,3
efbok4w,0
edq8ihl,6
edcrm0x,4
eedrfyd,3
eczz9lx,4
ee0x781,0
eesysv3,1
ee1a9hm,0
edv7ojx,3
ees1nd6,4
ee4yow2,3
eehvitg,3
edv18gz,4
edy6a74,6
edh5c6b,0
edk5o03,5
eff32wi,3
ee9nsuj,4
ee0wuyn,4
eebhluq,4
ef0droi,6
ee10e8l,6
eemln9t,3
efdy6el,4
ed9hd1q,6
edmzsyx,6
ee0e4rq,0
ef5l89z,5
ees4p28,4
ef84xai,3
eetfhzg,5
edm8tm6,4
eel3nj4,3
ee2hhgz,5
efe50zd,6
efcqnig,4
ee91wv3,2
edyi8ik,6
efet3er,4
edt007n,0
ed42h26,6
efdir11,4
eebee19,4
edncf9f,6
ed5g4ed,4
ee82uiv,4
edepc9e,3
edvk5pr,4
edtquk8,4
edh4s1c,3
eelbvc2,3
ed1lgh1,4
eeeybsp,3
eds7ima,6
ee1e4w3,6
ednced6,6
ee4jziv,0
eep85vg,0
ed3vol0,4
edz1wjs,6
edrffyl,4
edcqmf1,3
eemtapo,0
ef6aj01,6
efh977t,3
eds2ocr,3
ef1clqa,4
eek393l,6
ee43x8n,6
edtidcz,3
ed3vxxb,3
edlf8fc,6
ee94rnu,3
ed4ejz5,4
eewupcb,6
eetfp2o,3
edjfjqz,0
ee4pr5r,0
edifobn,4
ee7vkp6,4
efek7uc,4
edux6vl,0
ed10ntc,6
efefxzk,6
edri4at,3
eezjon7,4
edj1n44,0
eff9bb4,6
ee2k0ji,4
ed73m7e,6
edp5bb3,4
efel74t,0
edklp5u,5
eept4ci,3
edw8b9h,4
ee8wf77,0
ee3mw0h,0
edz34j0,4
edu79o2,2
edo1ya2,0
eem0wy9,6
eegnf2r,6
eews46j,0
eevo422,4
edu2flk,4
eefbq4h,1
edbsb6a,6
efalldq,4
edkf4cp,6
ee605ki,5
eeerkum,3
efc8c95,6
ef12166,6
ee66rq1,3
ed0oz6z,0
ee39k86,6
efbmw16,3
edej0vb,0
eellfv0,3
eege7y2,4
edxd17l,6
eenni73,3
eenv1pb,5
eenz3h9,5
edg9n6e,3
ed4p72d,2
ed2u7fp,5
eevmy2i,6
edm27fi,6
ee34akk,4
ees0kpt,6
ee60k0m,4
eelxyfq,4
edwxzep,4
ee92f0s,4
eexljrs,4
ed90bpw,4
eetta44,3
edirpg9,4
ef2ddbx,3
ee69cgm,6
ef0smtv,4
eey9qv3,3
edvqpif,4
edpq7bd,4
eew1pd6,6
edil1da,6
edkyrqt,3
edd71rs,3
edajeqf,3
eez0k0k,2
eemui59,3
eebn6kt,6
ee4hcgp,5
ef44r29,3
edci2zk,3
efa3w8w,4
edfayxy,0
ef6yq1b,1
ee238im,4
ee5j15q,4
eey42p5,4
eenzmkg,4
ef9wj5f,4
eedw8w1,0
edhe14w,4
ed65k7z,3
ef4i1lz,3
ef72r1h,0
efba01h,3
ef0px5w,0
edashqi,3
eczx51l,1
eetnybb,3
ed67zzx,6
ee0hr0f,1
ee2yb0w,4
ee0ffkt,3
eeikul8,6
efe1coq,4
efaua62,4
eejjai3,0
eelhdw9,4
eebt0yo,6
ee85inb,3
edm3gzx,0
ee8wvo4,4
edbeb0s,2
efe2hql,4
edcgi6l,5
ed27j06,6
ed2vaih,3
edmu7gq,4
eepqi96,4
efd2msq,0
ef82snz,4
edzihoy,4
eeavssc,6
eehu5wm,3
eena42i,3
eerznkk,4
eei8lrq,3
ed4h20w,4
ef7new6,5
ed3v7di,3
eeztbjr,0
efg3j94,4
eemadmb,6
edlpdy6,0
efdimd9,4
efgtm33,4
eevt039,3
ed5u59i,4
ee0lkrn,4
eeg8jrj,4
eerbx5k,3
eengnap,3
ee3lw19,1
ed7rdog,2
edvsund,4
efct7bs,0
ee4elj6,4
ee8tvi8,1
edbtica,5
eczt8co,4
edm95ms,3
ed8xf9t,3
eedop51,2
eenndaw,0
ee809qh,6
eezocyj,3
ee7xtqd,6
ed9auy9,6
ed1nwrl,4
eczoh1h,3
ed982u9,4
ef4x8ta,1
edonf85,6
eetd9cu,1
eeluyf8,0
edlj3i9,4
eeitn01,2
ede5aoj,2
edmdodp,4
ef7y6bm,3
ef4n4vp,0
ee5xnm0,4
edfqijd,6
edxnwx5,4
eedn3aw,4
eeunffh,0
efh31r3,3
eevyzvq,5
eeckgaz,4
efh3kzm,3
eempufb,1
eeclq2b,4
edmjehl,3
eeotqy6,3
edgtz8g,6
ee8wanj,3
eczszn6,0
eejp20m,4
eduujnn,6
ed5yi9d,4
eew3bph,3
eespqla,3
edp8x4k,4
edodczo,5
eev5q9y,3
ef1tkad,5
ee1ttjn,3
ee7zrpo,3
edzgaty,3
eezvo4a,3
ee402xr,6
eczqqm9,3
edpl1wg,3
edcny62,3
ed85llg,6
eein07r,1
eewx2q3,3
ee24fws,4
efalm4g,3
edqzxj4,6
een1kbk,0
ef856f5,4
eeguj4w,4
efcjwz1,6
eff040g,3
eedek9c,0
edits51,6
efbbztw,0
ee4kouf,1
eee2806,1
efh9gkq,4
efeht6w,6
ed00rv5,2
eegigu8,3
eeysutm,2
edmy2mc,6
efgg034,3
eenfw90,6
eepnmkt,6
edk0ccg,6
eecbj0i,4
edxy4ze,4
efgwcxf,0
ee6p1b3,5
edy6nlz,6
efflnhg,3
edn5qfd,3
edcydnj,1
ef73dfc,3
edl6kwq,6
eecrcld,4
ee0wpbb,6
ed8yt80,5
edvwy7r,6
ee1fnks,3
eecu1b6,4
eey30n5,4
edyehs2,3
eeyda6m,3
eddd3g8,6
edqxehq,3
edwxq8e,4
ed0y9tc,0
ed3h3xi,6
eenby1p,1
efcwwfj,3
eep4519,6
eeoi9p4,3
ee1vj38,6
eduwluz,4
ef5ivf7,4
eedx8pb,3
eemni1u,3
ed9z8oy,0
edzl27n,4
ef74knm,4
ednjeux,3
eej5sao,3
edwzg9i,5
ee8ukyq,4
ee05w1z,5
ee09ex6,4
ef1r54h,4
edts5dr,6
efg3dbn,0
edtlhba,4
eenqp48,3
edixgej,3
efarezk,6
edq6kuk,4
ee9b5a6,0
edwkpe7,6
eczfslj,0
ee53vg3,5
ef82uux,3
ef9xt3b,3
ed1h3xz,4
eegqlt6,4
ed1amhd,5
ef1b5sp,6
eevyfss,6
eeyn44s,3
ed8ao7n,2
ee8lxo6,3
edtosu3,6
ed429gc,0
ef0pn76,4
eex3krx,4
eds5juy,5
edled8h,6
eddtdfn,6
eczkg1x,0
edvey02,0
eddkv5t,3
edu3jvz,4
edcscw4,3
eefbymp,4
ed4d87o,4
ee74zuj,6
ee6syp5,0
eeb4yor,3
edfxikv,0
ee1gp80,0
edx4pft,4
edp1czr,4
edscggi,4
edpnfkz,1
eebxv46,4
eeyuikk,6
ee1otog,3
ed2sr3w,4
ed3w5cd,3
ef3k0ad,2
eeudvxm,0
ed0jr9i,4
edcyz60,4
edci7fb,4
eeizlx0,0
eehospg,4
ef29fk2,4
eel1zmu,6
edsax4n,4
eeybb5p,6
edd1nib,4
ef11mv6,6
eetsb9g,3
edclugt,1
ef1d12n,3
eewdo8l,3
ed69snb,3
edji25m,4
eenuscg,6
eemohrm,3
edp5e4b,6
eea7ug9,1
ee8wtlr,3
eddkzk4,0
efeu9xi,4
eezvlxt,3
ef0450f,5
eet7bbk,3
eey3ql1,6
edbj8cc,5
ed3l8bw,3
eda0l6x,3
eevz5y5,0
ed3iidx,5
edcgo3h,5
een9ayy,3
eeam5rd,3
edkk0e0,4
edi13bd,6
eevdv05,4
ednts8v,4
eer5zb1,4
ednd9yt,3
ee0h640,3
ef2264s,4
ef3e29u,5
edpyywe,3
ee38mjm,3
ed6drzr,3
efdn5v6,4
eet86w3,4
edthdsn,4
eefo59u,4
ed1gu2v,3
ef0jlbi,3
efetssk,5
edkt3gv,0
edmozbw,0
ef9oizq,3
edcrmiq,3
eewocqj,4
edv3o9n,3
edfrs3s,3
effo18i,4
eend4fy,6
ed1504w,3
eeklqtw,6
edu6av8,4
edqpzth,0
ef10sk3,2
eelagbr,4
edx4z1u,4
edje5q9,6
eej0p9v,6
edcgwf4,6
ef1m9la,4
eeuz29s,4
ee3kag6,3
eekdonu,6
edvdy44,4
eelmvui,4
efam1r7,3
eeenvvq,4
ef91a2o,4
edmuxrd,3
eczlc6s,0
edjcva3,5
ee3dz69,6
ee2f59i,6
ee7d0w7,3
eei41e2,6
ed4mye9,3
edpt47k,5
ee7oraz,4
efe4nw7,4
ed19k48,5
ed3fkca,2
ee2v6ac,4
ed8hesy,4
eeu4dq8,4
ef4d4wa,4
eejple1,6
edocl7i,4
ed8wetr,4
ee4oii3,3
ee51m6c,6
ediocbf,3
ed8o43a,6
edi6635,3
ee9wi54,0
ecziwwe,5
edrdmm0,6
edjhfz7,4
eesem2o,3
ef3w6ic,0
ee9jihh,3
ed6zzxx,4
edx3pze,3
eea2j7t,1
ee43ak8,3
edppe95,3
eepff84,4
ednq034,3
ee4vo6e,3
efgeqx2,1
ee5c4dn,6
edhho0z,1
ed038bu,5
ef8kq3e,6
ee7ewg0,6
ed9sga6,6
eefgwlh,1
eeu0qsq,3
ednj5ty,0
eesm0z4,3
edckiqb,3
eeb3v0t,0
ed6myuv,6
efgl49z,3
edegdbo,6
ed220iq,4
ee8mtp0,4
edka0jo,6
ef36euz,5
ee8n7ct,3
ed2xw22,4
ef7h8ez,3
efcwt1n,4
ed9n6zg,6
edo0ozh,6
edqt0o0,4
ee8a1uj,5
ed9kbjb,3
eeu6ikb,4
edvozwa,4
ednif10,6
efehzh4,5
ee3fa7x,3
ed3yi2i,6
eeyfudv,3
eec4yxi,2
eez8hak,6
edf9nth,6
ee3o76x,0
eczd20f,3
eeao7ln,6
eedjls2,3
edygcq1,6
eevzcvn,3
eecp2nd,4
edvha8c,4
eewszvh,3
ef07txs,4
ed12ob1,3
eelix3n,0
eertwes,4
efdferj,4
ednmjwe,6
ed8f6i1,3
ed9ifsz,3
eds2vl1,4
efdet2x,0
ef2jb8m,6
edhl6hb,3
ed1ca46,0
edwnx2u,4
edv7wf3,3
ef4oqrq,4
edga87b,0
eebot5y,3
ed9qsmb,4
edksa1d,3
ed1pp1w,6
efa7ud6,6
ef02d6a,4
edl6ox3,4
ee9baxg,6
ee1ppz2,4
edxqq5l,4
ef5lv2c,6
ee3956l,6
ee47wii,4
ed8ra07,1
ef2bgwu,3
edy363e,0
ee18t09,4
eemsqn0,2
edeoxjd,3
ee0mk7b,5
ee83d4j,6
eds5rgs,3
efdng15,6
eexdp15,5
ed1k0vz,0
eezxv8v,2
eeyopvd,3
eeu7oxg,4
ed1a52y,0
edwgcw4,6
eewc0cn,6
eehji3d,4
eeo17rw,4
ee67iw9,3
ed5kjbn,0
edi3w9p,2
ee7yldq,6
ee85xvq,5
ee7kl2a,6
edn3z5j,0
efed730,3
eeasaly,3
edndi1z,4
edbz5xm,6
efavg4a,6
eek35cr,4
ef472ul,4
ee096or,6
edxcc90,3
edjp3a4,6
ef92xbv,0
efeuxmi,3
effudcr,6
edxyu9t,6
ef59l6q,4
ed1d6a4,4
edlk9z2,5
eebfurv,6
edhi274,3
efde96j,4
ee7u02r,4
eed88oh,6
ef9471y,6
eehh7vq,4
ee61x6c,4
edw4wz4,3
efgeoye,0
edpnqu4,3
ee6e7v1,5
eevsx1j,6
eedflie,3
efed1vi,4
edsjw97,1
ed2w5dd,1
ednfwr4,4
efgdova,3
ef86dml,4
edzn2fp,4
ee3hrd0,3
ee9lgzk,4
edraswx,4
ef9o63l,0
ee57wmh,4
eer7ups,3
efdfhc7,1
ede7nap,3
edeobt7,4
eehvzdn,4
ef8he5z,3
ed6defq,6
eeg8gj7,4
edcxtrt,4
efctryo,4
edud150,6
efaxbrd,3
ed4ibis,6
edu6bfe,6
ee5ulcx,3
edluqx4,4
edvl240,4
edygxot,0
ednluk3,3
eduzjxs,6
ed97v0m,1
eegkwux,3
edylb0w,4
ed7t8y6,4
eeuot8z,3
ee8ts7k,3
edzr8jl,3
ee83x46,4
edihyzp,6
edoce1w,4
efgqmll,3
ef81mtz,3
edtikix,6
edw6wjq,3
effqek4,4
efbqwh3,4
ee8k1r5,4
edt6gpu,3
efbtrnn,4
eecry2n,6
ee5j9wk,3
ediwfql,6
ee579yx,3
edlqbl6,3
efewql8,4
edie08i,5
edf07n2,5
ed0wlth,6
eeq6y1y,3
ef9ybl8,0
edm7efb,6
ef6wfio,1
eevqty9,6
eekggka,4
efgk4br,3
edz7nsf,3
eezzv3d,3
ed0o4jo,5
eei5bwu,4
edfz71x,3
ee2t4ek,6
eer1jkc,1
ee400k7,0
eemn50s,3
edod3qy,5
eelyoln,6
ed9h1fn,4
ed6f0es,3
effv230,0
ef52l3i,4
edw2nto,6
eevsblv,4
ed6tecx,4
edk0nru,3
eegtsz4,3
eeedlzc,3
edsu2su,3
ef4m860,6
edql0mu,3
ef5yp80,6
edb7a8k,4
ee1q7fn,4
ef9fmh0,4
eerrpwy,0
eekf9g9,0
ed3oh9f,6
eetbdl3,4
ef1aggg,3
eea39ji,4
ed5u01p,6
edi0gpp,6
ed407nf,3
ed0286s,3
edcgt55,4
ed2nh3m,4
eevfjuy,4
eefpe1v,4
ee5ijot,1
ed70nb5,4
ee6eyoy,5
edfhagx,6
eed0ric,0
ed39e3u,0
eehcw51,4
edcjfei,0
ef74c6h,3
edl3cvd,0
eemhmre,3
ed4ujtl,6
ee37vj6,5
efaol2v,0
ede98uc,1
ee8gmer,3
eda64bx,0
ee26ysz,4
edhnt15,5
edf2uzy,4
ee968yt,6
edhfomd,3
ef8pm2j,3
eel3qgk,5
eelmuh7,1
ee21bvo,6
ed905b5,4
eel659s,3
edj3f5m,1
efcy3uj,0
eekx4xa,3
edcyqvs,0
edg5atb,3
eelzrkz,6
eekww76,4
edrbpty,0
eevy5kh,3
ed4lnr9,0
eeq94lu,0
eev6gpc,0
edry576,0
edhbcb6,0
ed1dmki,3
ef7ml84,3
edktm3z,3
ed9hw2m,6
edgxxic,1
ef8b06u,3
edb7bv6,1
edcj5l9,3
edf3kd3,6
ee6qy6d,6
ed34dnz,3
ee54l4s,3
edq8dsp,6
ed3frbd,4
eez0e8z,4
edcy0mu,3
edl0jsu,3
edrbjfh,1
eesfw7d,5
eeczkm0,0
eenaj9c,4
eevkp4l,6
edt9zur,4
eexx3yd,4
ednobom,6
eeaenba,3
ef75u4b,4
ed50vzo,0
eert8li,0
ef9itcb,4
ee64upj,3
eehztyx,0
eebzfvp,1
ed5bpyn,0
edj4jnz,0
ed4vnhz,4
ee2907w,2
edvjj3s,4
eduwbj8,6
edh3b7s,4
edx945w,6
edqso6b,6
ed936ao,0
ed6vnkm,6
edmqhp4,3
ed6d09m,0
ef58yvp,3
ed46je0,4
edosqlh,5
edkts4d,2
ee0d6oo,4
edrh0yz,3
een43n1,1
eeahopi,4
edlaygd,4
efbr7ck,6
eehu2ja,0
edf5hi9,0
ed6rodh,4
ee6xf7i,4
eeg9919,1
edwux5m,1
eeavw2m,3
edrwj9z,3
eez7z2q,6
edctzg2,5
ed8lrwp,3
ed2vc9p,3
ee7ezvs,6
ef3hqcr,4
ed5ny4m,3
edz4kf2,4
eemhiji,4
ef3llww,3
eegouvj,3
ed70zjm,6
edft99z,6
eekerdv,4
ednjqz8,0
eenajtc,0
ed0hkj6,3
edlmq4r,3
eezix0c,2
efeq6yg,3
edotntk,4
eeljowd,0
edg5ose,5
ee172da,6
ed9f92q,4
ed5bwl0,3
eeaico8,6
edwf9b0,0
efev9va,1
edlo5n4,6
ef3t7ww,4
ef7gyn0,4
eej4x5t,4
efgdymd,5
edxaf6n,5
eeu33cz,3
eegcof4,6
eed3i6e,0
eepoq40,3
eeq5v95,6
edch3qc,3
eeyssse,4
ef0c1vh,1
eejzyq6,0
edxd6no,6
edojis0,4
ed9ytvv,6
eeceqn4,4
ef22fuy,3
eev5pak,4
ef4lyyq,3
edmcs0g,6
ed37dzj,4
ee93vfb,3
ed9z7qm,4
eev5hpa,3
eee5guq,4
edh2hzv,6
eeoulo9,6
ef7twad,3
eebwep1,6
eeuvlhk,6
edyy95w,4
eeqw6jo,4
eesptz5,3
eeh4hjb,3
edsoyjt,4
ee3b3om,6
eesw882,6
ef5kfio,6
edqm84u,6
eemmm7m,3
edexigy,3
eeptpbk,4
ef9w70e,0
ed2a2kf,3
ee89dm9,3
edc7mxw,3
efbap5u,6
ed6wzjl,4
edzorzo,0
edlbell,3
eduppyb,3
eedhapw,1
eea5j35,0
eda4fz8,1
eczopuk,6
eepa77e,4
edrfm6u,5
edw7tfe,5
eemx4xv,5
edxcvu6,0
efedj58,6
edmtw2i,6
ed69opz,4
edh3koj,3
eeatwen,4
edku2ui,3
ee00nbw,0
edi0iyi,6
eewqead,6
eezysgj,3
eekmrq2,0
edckc5y,0
edocjeg,4
edk8sml,0
ee07cnm,3
edqugi0,3
efdo0kd,2
edg883j,6
ef15dzw,5
eebhh3i,0
ee28cvi,4
edhe80f,5
eej1u9h,1
edfx9dj,0
ef61iop,3
edpqr05,6
ecznnld,4
eeiq3ag,3
ef3ti8c,2
edlk5b6,4
edhrxvs,3
eexntdi,3
ed518pl,0
eesh37s,0
eejm66x,3
ed9vdk1,3
edz8oyc,3
ed6rggk,3
ee0v4vb,2
efdtck5,3
editctb,4
eetpk59,3
eesiv1o,3
edmz6i7,5
eek84mm,0
ef4kdji,0
ee6fjot,3
eeu0cdq,3
ed7v95i,3
eddch4h,3
edv0wb8,4
ed3kh4x,1
efh5cxc,3
efe6lvg,5
edxjj1s,4
ee81x6o,1
ee2zm4w,5
eeykr1i,1
ee2t6h9,3
eehmhml,4
edfkdv6,6
edoerl4,6
ee2n1yl,0
ed157d1,5
eeq0hvh,4
eel8rcb,3
ee2deqk,3
ee8d53d,6
eczc44a,3
edhaghb,6
edbyeqs,3
eefr21i,3
edy3eip,3
ee5e2ch,4
ee4ghbt,0
eetydf3,3
edbhns9,0
edy0cv2,6
ee1za9n,4
ee5r8iv,4
edenhhr,4
ed4k8p6,6
een4igj,4
eezqut1,0
edff0vj,4
eethju6,4
eeuhwe8,6
eezyqc9,3
ee3rlc5,0
eedglkc,6
eeiiqqy,3
ef7zuz6,3
edfn647,3
ed41kh0,0
eee4pu3,0
edftlbc,4
eddznws,4
ed77gkb,0
ee9uyrp,2
edg7f4i,4
efbgsvp,0
ed57fbo,4
ef6apnc,0
eek943o,4
ef6a67r,0
ed4q326,3
edrfn03,4
edsg1hv,0
ef60nhs,3
edo5ajh,4
efbq35w,3
ef2jec1,3
ee1e2ur,6
efawt35,3
ef1wsmt,3
eczd32o,4
eeyvqsj,5
edijcfx,4
eeuvx9l,4
edf5kgz,4
ed84nf6,2
ef88l23,3
efa66c6,6
eelf3mi,3
eep7icf,4
ede19cv,3
ef6nz0w,0
ee7om6v,4
eejmvk0,4
eddb1k5,3
eda3f69,6
ee54usn,3
eecefqy,6
ee7zve6,3
eevm994,5
eev17hg,3
eeuenby,3
ee64day,5
ef78dhw,6
ee3am6p,4
eei9k22,3
eeykk40,3
edrb874,4
eed5kj3,4
eezf4l0,6
efcjfhv,0
ef0ekxx,5
eetji37,3
edwby1b,3
edyp9kw,3
eesrvl4,3
eds4we5,4
ef1e1yw,4
eeu00m5,0
eel3kty,6
ed9rp2v,3
edi86iy,5
edvvxsi,5
ee595r5,6
ef8g3xn,4
eegllgr,6
ee5k87m,3
eeas1ww,3
efeypoc,5
ed0g64t,3
edin9x8,3
edopst7,3
eep1n34,3
edlwtmi,6
eexpxup,4
edpp00u,4
ef0if98,4
ee6ezx6,3
eet2ewq,6
eeisdww,6
eev1ezo,4
efe156e,6
ef5twgn,6
ef6qkdz,4
edmkm90,3
edoifzo,1
ee2r02p,6
edyy1ug,4
edb7ayh,6
ee0tuha,3
ededips,4
ef5y9zz,1
efbnehf,5
ee07snh,3
eenppj1,3
edsf1m0,4
edpuk1k,0
ee9tj5y,6
edz2ad6,3
eeyqq0n,3
ee5wijm,4
ed10lme,0
ed7s5q2,4
ee0ot74,6
ed71zss,3
ef2f4rk,5
ef7xtx1,6
ed9048c,4
eem32qe,3
ee8pp9d,3
ee9uqp0,4
ed1ueow,3
eevt49v,4
ee62pd0,0
eetmkpj,6
ef2iwau,3
eekvv10,4
eedhn01,4
eezbeey,4
ee5si11,3
eex001x,3
efb6i6p,1
efh991r,4
edpjecw,3
eei49lr,2
eeruwjf,1
eeo1z6a,4
ef10f3j,3
edp09u3,5
edd0336,3
ed5q5vt,3
eexn2nw,6
ee3d1ba,6
ed22chg,4
ee1it4r,3
eeuib3e,6
ednrzku,4
edvaz3h,6
ee7m9oa,6
ed9b9rk,6
eehrx63,3
efd87fw,3
eeie58f,4
ef4jqg0,4
edhvqgi,3
ee2stul,1
edhqcy6,4
ednpjrt,4
ee9fkxa,3
ef38hb3,4
ed52bpo,4
efals5d,4
eeg5e0m,6
eedvdw2,6
eeb4nc1,3
ee3hy4t,0
efgetp6,4
ef5rhti,5
ednka3u,4
eejyw93,4
ef4dty9,3
edh8rqu,6
edhb7vy,3
ef77a77,3
ed99sin,4
eewa5x8,5
educxt4,4
edqr2i2,4
ef8nzih,0
ed17zbx,3
efg1yib,6
edbrb0h,4
ee5ml7l,6
eek85lm,5
ee8x4ik,3
ef40wdc,4
eeb5zu1,0
ee11xcz,0
eehej6e,5
edlnuv8,4
ee48sp2,5
eek1z6m,6
ee0xvmh,3
edanmu0,0
edjoq9b,1
eett24v,4
eelzr6g,3
ed22fxd,4
ee7s1jk,4
ef9247g,4
ed9m8n5,3
edm5gw8,0
eeb9saw,6
edi90li,0
ee4nerr,6
eec3w8z,6
ed3bjn7,3
ee3056i,0
eeixbxm,0
edilkoj,5
eenkjpw,4
ee7cppv,5
ef25n7n,5
eeq098c,3
edjw23t,0
edhg1ez,3
edio9lx,4
ef1r7bj,6
edbejsl,3
ee17ydn,1
ed6jdms,6
eeglpk0,0
eejyop4,3
eek6uzl,5
eeatz37,6
eeb4jqw,3
ed75faf,0
edjh8yp,4
eeoi9xd,5
eevmcy1,2
eemxweq,4
edlg2g9,6
edgdc1b,4
eew2h48,3
eeozdy2,3
efczfib,4
ee6ygil,6
eejga22,2
ed0eze5,6
ef335nm,3
ef4bv31,3
ed6dtg0,4
ef8yr9t,6
ee4qza1,4
edk98na,4
eejhkyi,4
edx6l0q,3
ee2hvy8,3
ee48rqi,1
ees63et,6
edvintk,3
eddiw7j,4
eeur211,4
efckr9y,6
eejtxit,5
eenoif4,3
edusj67,6
ed5lr80,3
ee4t39c,3
edzj0ad,0
ee3ys82,6
efasb98,0
ee82djo,3
edxn2in,3
eeocaf7,3
ef5wqst,4
eecq3gq,5
efgxh3e,3
efesg4v,0
ee39888,0
eeeod2e,4
ed7bg31,2
ef3dwfh,3
edsfhji,3
edlgwyi,4
eduq0t7,6
ef6xdiq,6
efabhr7,3
ed0rtw0,1
ef45pxs,6
efeharq,0
eemvd5h,2
ee0t7sw,3
efh2ure,6
edplddm,4
ee4tyqq,6
ed42lw0,6
ed2a1zc,0
eeqqssr,3
ee10wv2,4
eermq7j,4
ee5lxcm,3
edtsc6r,6
eeavwqh,3
edpz1mo,6
edgi7as,6
efgk9m7,3
ee3jc0f,3
ed5qov9,4
edeeh2k,4
ed3slrg,0
edti4u8,3
edp9hn5,5
edz3irq,4
ed3b3sy,0
eejmajm,6
edt92z8,6
efbh146,6
eepo2rm,5
ee8a7k2,4
eeks080,0
ef6p64v,6
ee126pg,2
edsvfti,6
efa1b7s,3
ef1wajp,5
ed2c3q5,4
edzncyf,0
eess7e4,0
ef0f3mn,0
eee2bou,3
edkdcgk,3
eehdhcm,4
eehxep8,5
edrrcnt,3
eeldqa8,0
eet5xym,4
ed96s6s,3
eefdruy,4
eexwew2,6
ee9elfg,3
ef86qeu,3
edn5knk,6
eec1l0d,4
eemg9u4,4
edzvs4m,3
ef9k7r1,4
ed0jl4d,4
edaxkmo,4
ee8yyum,4
eeus3jw,0
eeea7wj,3
edcj1jc,3
edvhzyv,6
eezro69,4
edmsjfe,0
ee6i2te,0
ef4ygk9,3
eebwv1e,2
eer97tb,4
ed3klo0,6
edezsgg,6
eesyt7m,0
ed5osdg,0
ef8wc1p,4
eecdxs6,3
eempnn3,3
eejj25r,0
eeghi3f,3
eeoqbcy,4
ef9zolt,1
ed36xje,3
ed38yof,0
edk8mgw,1
eewvup2,3
ee45v47,4
ee7biqd,3
eetpdun,6
ef3nn64,3
ee7wq9f,6
ed1hwvq,0
ed1295i,3
edx5lpp,6
eepefiy,5
eea2kfj,1
ef6o6b3,3
eec4i8e,5
edqxcj1,3
eeonaib,3
efaxb11,4
ede8zm7,0
ef87x7q,3
ee17nw4,3
edtp2zb,3
ee066hi,4
ees2ln3,3
ef4d93d,3
eeu1xl8,4
eddu6n4,4
ee96koq,3
ed3f888,4
edzlk7h,3
eda0zli,4
eeqsuhz,3
eef7siy,3
edzk8qa,6
ee8dyhp,4
ef5qexv,6
edua0xk,4
eefl3t6,4
eezadz8,3
ee7ogvy,3
eevkb8g,4
eesj4xr,4
edp6mce,4
efcsywh,4
edsmp9z,4
ed80l3h,4
eebz30i,6
eczkjma,0
edkpjxg,3
eeoenuz,6
eeubbji,6
ed19gjz,0
eebhcn9,4
edjpk2k,3
eezkc62,6
eda1qmv,4
eesv6eg,3
eennia4,4
edkj6zy,0
eeylwuu,4
ed5w5wr,4
edj70fv,0
efficjb,6
edihf3r,6
ee7bp2v,4
efe1uuq,3
ee9h84t,4
ee3ggkk,6
efc0ayt,4
eemo4po,5
eevmp24,1
eeah80k,3
ee3o8d7,0
eesj7jd,4
eexi9i3,3
ed8mm3m,0
ed47cr1,4
edfjgzp,4
eeoieth,6
ed1olu5,4
ef9il6m,3
edaw77j,4
edtasgx,3
ed6l8a7,2
eff5msb,3
ef03a0q,3
edybjan,3
edlxi1r,3
eehd1g7,6
edkdio9,3
edrhxjz,6
edyq7iu,3
efdk5pm,6
edv1vds,3
eeyygnj,4
edlyyye,4
edga65y,3
ee76pl8,1
eeyb62a,3
edarftv,6
eec2ltm,4
eelr0wx,3
ee5spsi,5
eeb7z0h,1
edxcm6p,3
eeyn8fi,3
ed9pqgu,5
edf2v09,6
edhoces,0
ed18xer,1
edz9kyy,0
edrbi3g,4
ef4vv03,6
ed91bx4,6
eeo4bnk,3
eekp5gi,6
ed9cf9h,3
ef2mfzy,5
eddrt3j,4
ef6779u,6
edegxbh,5
edmmoje,6
eew47wk,0
eegkwrq,6
edsnzm6,3
eeu19sp,3
edy80jz,4
edxnv6e,6
ee5aehd,6
edyzi8t,2
eejid1r,0
eeiqkjv,3
eefjcyz,6
eeu42e3,5
eduqqv2,4
eejaqiz,4
eeg781u,0
edj0ga3,4
eebsu7m,3
eejklz1,6
ed4hwr5,4
edivcys,6
edklulr,6
ed1158i,6
edj4jw9,4
ed5ph3r,2
efecbk3,4
ef96jyy,6
ee5oo2m,3
edwd76c,0
ed2c5f7,0
eepcswq,6
edf2dl2,1
edbjz5j,4
ef74ndd,3
edd2cj3,5
ee2pt5b,6
eex15d6,5
edlekh7,0
eebyh8p,3
ee0psc2,4
ef1xbnb,4
ef16doh,2
edbmho6,0
ef6kojt,0
eeme0j0,4
ed50yyw,0
efh8gxu,6
edit0pj,3
ee2xvkh,4
edqzvxf,3
ef6lhov,0
eeiyx66,6
eetjtcd,5
eew3wq2,6
edpy3r8,4
edoxf8e,3
ee7sylj,4
ee4ws36,4
eekllqp,6
ee6kqn7,0
efbi2bv,3
eenn9ut,0
ee7a9n6,4
ed1jqzi,3
edi37q6,6
ef0xcg0,0
ed3kv5y,4
eehk3jx,1
ef8zsc2,1
eelisuj,3
edv49e5,4
efg8nxz,4
eelmnid,4
edirn2i,6
ed3z4b8,5
eeky3lo,3
edf1gzs,4
edewsxd,4
ee5avin,5
edc8jzv,4
ee8xs45,3
eekxhyr,3
edt1jzo,5
eduqbfa,3
ee93xw8,2
edy7ngu,3
ef3hloa,0
ed5b1pb,3
edd4sml,4
ee4sz2x,4
edi91jt,3
eex6ckn,4
ed3udbr,3
ed0qarb,4
ed0097g,6
edf6q95,3
eeg14j5,0
eekml9b,3
ee96t99,6
ed18lna,3
ef9c6cj,4
ee81uoy,0
edqcsac,3
edi1qc1,0
ef90fsm,6
ef51mm3,2
eel43kl,3
edkt0tm,4
edmwy22,6
ee5wcxp,0
ed054lq,6
ee1ik99,3
edacekn,5
eev3a17,3
edlzkq1,3
ee34q02,4
eespvyc,4
eealhhy,0
effqmde,4
ee1bllh,3
eddn0dd,4
eelexo7,5
edxiew8,4
eebx2v5,5
ee6bxrc,0
edni2jh,0
eeqeawv,4
ef7l4x4,4
ee6hpsf,3
edxcfwb,4
efacndm,3
ef6q4f1,3
edtrxas,6
ee0l2l1,1
edpvd21,0
ee3vofx,5
ed9l1gm,6
edcriqi,3
efbtxiv,1
ee1f6qp,3
eeq4atl,3
eelyasx,0
edl25v3,6
ee7x0ql,6
edrxkj3,4
eespbm5,3
edg1lqs,6
efh6hdh,3
eeleh99,4
edqvigr,4
ef0hwog,4
ee2gc6b,5
eeqogg9,5
eexl0ks,4
edostdm,3
eerdtoj,4
edmyiph,4
edojzsn,3
eeozjib,3
ee94zml,4
eejwopn,4
eev5azd,0
edrm2lc,4
edqafg8,3
ed022d4,6
edc8vp2,5
eeqe1qg,6
ef1s50b,3
eds2a10,3
edifeiq,4
efa9so9,4
ed4wp95,3
eepf3hk,4
eew2773,4
ee18h2k,5
edmamza,5
ee7eze4,5
ef76kvr,3
ee6n7kk,3
efe75h7,3
ef9zjbx,4
edamkri,6
edlp1c6,6
edqr7ka,6
ed8mbgy,4
eec8tfu,4
edlzlhf,4
edy973x,2
edeh8k8,6
edks7bu,6
ef250o1,0
ef32pow,0
eek42mp,4
edyussc,6
efeueo2,4
eeeu1e9,4
ee67x4u,6
ee9rbeu,5
ee71nxv,5
eewt1i5,3
eetqms2,5
edahwir,0
ee1eyjt,0
edbe30v,6
ee3fqo0,4
ee5l4oh,3
edk4lyh,4
eeyybly,4
edp09hl,5
eehx3hl,6
ed1oiyg,5
eebvddu,1
edg7yys,3
eek6a3n,4
ef7vxhx,5
edg395c,0
eemija5,3
eduyvb4,3
ef7be45,6
eeyyq99,3
eewp4up,3
edt8gk7,4
eexpbb0,4
eev3rn9,4
ef4x5ph,3
edwp27w,0
edeshen,6
edneg6v,4
edk7tzi,3
edls2qd,3
edayjff,4
edo5joy,4
eeqff2d,6
ed3eg7v,3
edlqicf,3
edxefn0,3
ee4w0uu,4
ee4b5q5,4
eenh9q5,5
ef1pdq9,4
edvnv86,5
eem5k1k,1
eetgbyi,4
edw27dy,2
edc4l1j,4
ef6ytqx,4
edvg9qs,3
efg9r94,0
edq7syt,4
eevwgbf,1
ee7uex1,6
ef0ct3y,6
eepfus6,4
edtejkr,0
eebn6fl,3
eentnff,4
eegbwzo,6
ed2g85q,4
eeeg5td,6
ef3736h,4
edv4hdw,6
ef00phy,6
edrgafd,4
ee20zlf,3
edep85r,0
edkes3r,3
eedzfih,3
efdwsx7,0
edw8x07,3
eeu3zv0,4
eduewbk,6
edjxpbo,3
ed95u8m,3
eeby22v,0
ed3lznr,4
eda2lhf,6
edgnu2o,1
edlpzp9,6
eedgsfm,5
efeos2g,6
ed8t5xd,6
ee7fdof,4
eexmd1d,4
efai3u9,0
ednkk2n,5
eed7nom,4
ee37lgh,4
edy0u5j,3
ef5k88t,1
edahqgq,4
eeq4vci,6
eda6f9a,6
eeamz4s,5
edltuim,4
ef0lnza,4
ee052go,3
edmo454,6
eeok66g,3
edpsky1,4
eeibo1f,6
edyjqwc,4
edfcumq,5
eetrnx9,6
eep7jvc,4
eegmod7,4
edlvms5,6
ee6mo79,4
eeuoaev,4
edy0432,3
ef93z6a,3
ed2nvf4,3
eev4vh2,0
ee7nerz,6
ediciv3,4
ee4v3ts,6
eff6flv,2
efgh0et,6
efge8wu,0
eeyps8u,4
eeqlnwy,1
eduuwuw,1
ede32z9,5
ee1evdb,5
edsnc60,4
eds43nm,0
ef7bwyl,4
ed1wg24,3
edxs7qr,6
efbc1f1,3
ed0dqec,6
ede5awv,6
ef21ym0,3
edgb6r3,4
efb2h20,3
eerdlqe,3
eeppbtl,6
edx0j58,5
eebrbi2,3
ee2sbvl,3
eek5sfq,5
ed70q4m,4
ee43rl8,6
edy5dg0,3
ee9jmht,4
eeleu41,6
eeyqhw3,6
edcck2m,4
edkqm5g,6
ef343vp,4
edenn1h,4
ef9qhgn,0
ed6cg27,5
ef9s6ta,4
eexgj3g,3
eefc2hd,6
edr8xat,6
eds9pjo,4
eeon207,6
ee4mb0s,3
ed6vcfh,4
edgx5mh,4
edjl9qg,0
eegoq46,6
eeodf08,3
ef4qit1,3
edlm4i4,6
eeddk5y,6
ef4dss1,6
edkczfq,3
eef0879,6
edli1zu,6
eeowejn,2
ee3gcs6,3
eet91jo,3
eermk4t,3
eef8a33,6
ee5urmh,4
ee4xci5,3
edhry9a,4
edatseh,3
edrsavm,3
eeqto8f,6
edw4l9v,4
ee931e5,6
efgto6z,4
edlw86a,5
eeg9wj1,3
efeqmgw,0
ee72ttu,3
effba5v,0
edbph66,4
edc31f3,4
ed4a9sk,6
eeig4ll,4
ed3yl6b,2
edm3dtg,6
edna4oz,3
ed7bwxe,4
ee3lolu,3
ed3ngv7,6
ef8mv4c,0
ef4smlt,0
eexql73,3
ef629xy,0
ee3fd6l,4
edrxm80,4
ee2a3l1,3
ef7pvkq,6
edywf58,3
ef2611y,4
eegse5h,4
ef9vgw2,6
efbrh00,0
efhcnhz,4
edi3y75,3
ed2qhvk,3
eeunelw,6
eeo2054,3
edy443i,3
eepv1yn,4
ed3hg8c,3
edywvj0,0
ee92d0g,3
edusxnn,6
eekm2mn,6
ed9klyx,3
edl1iz9,3
ef8kkqy,6
eecxvy7,5
edfpaxm,1
eet88gk,4
edu7via,3
edo1mus,6
ef5hiwp,6
ee13djb,3
eeysfpp,4
edqepqg,0
eeynlc0,3
edz9yfn,3
ee01t1o,4
ee3o6qp,0
efh118v,3
ed7wkex,4
edz9dt9,0
ee32y8f,6
edi2ths,3
ed7jxyw,4
ee38rym,4
edrni6g,0
ed7gszf,3
ef8fp2z,2
edtgrhv,6
eegn6i5,3
ef4cy73,0
eepr3uj,6
eejnn4c,3
eduf4jb,4
ed0vghc,5
ef96wnu,0
eef6lma,4
ed2qozp,3
eeqpjoo,3
eemifax,0
eda1v2b,3
edbwdtf,4
ed8p0oy,4
eere3ap,4
eex4bca,5
edo782v,3
eduz8qj,4
edpobf3,4
ef1f30q,2
ed6i4ri,0
ee958zg,0
eek8aix,1
edgwiaw,4
edwljgo,3
eejnu7e,3
ediik76,0
eelsqcs,4
ed1x3ym,0
ed978c8,3
efendxq,0
eee427l,4
edmbwve,4
edbm1c5,0
edmrmhc,3
efenjxu,6
eeqirlp,4
eemflic,4
ed6pqte,4
ef7esig,6
eenykq6,3
eda305g,3
ed70f6w,0
ed9g8uu,4
efd1tf6,4
edlkasr,3
eecg2ly,1
edpsd8g,4
edbmlb4,3
eepwvdp,6
eef32ss,3
eex2imh,4
ed9npav,6
eduohld,6
edeg1wm,4
ef3uxax,3
edh7k16,0
eearepj,6
efg7xll,4
ef98vpk,4
ee5weni,3
eff070q,3
ed7lqu4,3
ed5kemm,4
eeub2eq,4
efe3xec,6
ederqwi,0
ee3ypm8,3
efgqcan,3
efal2t2,3
eerrwej,6
edp4rjj,1
eerrvod,6
eeyutke,0
edmwpv0,3
ee637s8,3
eeamnxd,4
ef8j5p0,0
ee7yn1n,3
ed45xrw,3
edtqkxu,4
eebnuu6,4
edx4kn2,2
ee613rq,6
edp8l3q,1
ed1vydj,3
eetnkj0,4
eeahpqt,4
eeava2r,4
efbmf3m,3
ee52emp,4
eees1gr,3
eemar47,0
ee0ug24,1
edua72u,4
eeteba1,6
ee89l84,0
ed8mfz2,6
ee72tj4,0
eezd7qm,6
ef1qgf9,4
edx1m4z,0
ee9wkpl,0
edd3tok,3
eew7el1,4
efgkn21,4
eeyk8ji,6
edvqkcl,4
ed3792u,5
eezav9m,1
eej8e80,3
eeee29f,4
ed1o6kr,6
ee398tw,1
edd55xz,4
edjuew1,0
ed16j3j,4
effxhn1,3
ef025pn,6
efe3iuv,6
edko2zf,4
eeu06kk,4
eelehyb,4
ef4egyl,5
ed4u63d,4
ef25itc,0
edkykpt,3
ee3kxxm,6
eervzmm,3
edvu9r5,6
efd1sck,6
ef8kb1g,3
eeadc3r,4
ee577y4,3
ef56z1s,4
eeys4zg,6
ef03lcq,0
edoywwk,3
effckqq,6
eeu85y4,4
eeblajb,3
eebfpxf,3
ed941zn,6
eevx7tx,5
eeu4hgf,4
eeuty8i,6
eeb8dkc,3
ee0gq9s,6
eeathxb,3
eenle2f,4
eeidflf,6
ee4guke,6
ee2x0wi,4
eff3yq6,4
ef1xjg9,6
edn3yq3,4
ef57u8z,1
edg1hf0,3
edrtx65,3
edgd6fo,3
eeedpy1,3
edfr4au,4
ed516f1,3
eevvmwq,4
eerfyqo,0
edxwfft,6
ee1n2m1,6
edk3r39,3
ed1ogl4,4
eergs83,3
edlgecg,4
eee2l9j,6
ed117kg,4
ee1ty3y,3
ef4w1do,4
eec6643,3
efgvt55,6
eds8xso,3
eejlhlv,4
ef765su,4
ef1kqif,3
ee2mwdt,3
ee06bwr,5
edizgxh,4
effe70f,6
ed1w9t1,3
ed7lxtb,6
edph4ed,6
edxoipc,6
edddal4,6
efeppa6,3
ed270uf,4
efdv7m4,6
edziqjn,4
ed3os3q,4
eezrf5u,5
ed9k4o5,6
ednsatv,3
ee0n1oz,6
edsy9ne,5
eecm9y1,6
ed6jnls,6
efhbv2x,4
edp7quw,5
eej9i84,4
eeu2m4z,0
ee8izkt,0
ed8ln9u,5
eerfxqs,6
eew50xj,5
ees8hg4,3
ef1efal,4
eemb8z7,4
edz2b6d,5
eelekdj,1
ef2gy5u,4
eddqwa1,0
eda765s,0
ee511ut,3
eerfdx1,3
eekvt6q,4
ee8lz5u,0
ed294ug,3
edm5gn8,3
ee9ufw1,6
eeoecpu,6
edrophq,3
ee2lo8r,4
eenkyol,6
eenz2ay,4
ef48bz1,4
ed35262,3
ed1h5g1,0
edl98qa,6
eesw8tl,6
efg0sxd,0
ee9epfm,3
edbzxap,6
eea2a0o,0
ee5x15q,5
ed6pxs5,6
efahhws,3
eekzspo,4
efaporv,4
efgs56j,4
edzrrh0,5
ef86k66,6
ee4u727,5
eeq4ocj,4
edde5o3,6
edsi93v,4
ef8ee52,4
eenewbj,4
edok11u,5
ef9vfvu,3
ed8bnk1,6
eeu4qki,6
edpewdt,3
ee4fdho,3
ee8vuxa,6
ed6dlqm,4
efausjt,4
ee5emd6,3
ef4litv,5
eelh8cr,1
efgo7gb,4
eeuqefv,3
ee7tflq,6
edvourz,4
efcxjgb,3
ef1sdgy,3
efgtx0j,0
edxv5n2,0
efbzz7y,6
eelgn8o,6
ed4i43g,1
efcmsgh,4
eetilbo,3
ed911wk,3
ee64azv,0
eeiu4ae,0
edle31y,4
eez7i4k,6
eep0fi2,5
ee4jiu6,6
edw1eyg,3
edycbyu,3
eew812l,0
eedfnfm,4
ede7p7v,3
edg1qen,0
efakift,3
eeezzqt,4
efbia3s,3
efcaa2y,3
edowgwa,0
edi72ov,3
edo7qh4,6
eelojiq,4
edihnax,6
ef8g5s3,4
eec3may,3
ee7j6q5,3
eetagnd,6
efbs9pz,3
edcegf4,6
eeaa4kh,6
eerq2nh,4
edekjf0,6
edvaw2d,0
eczvg8i,4
ee12ert,1
ed8c0zh,4
edv2ae3,0
eeuaa0v,6
eewj9aj,6
ee7x3ox,1
eewmxug,6
ed78nq5,6
ef3fb5w,3
ed4vczs,0
eeosp04,4
eeswdga,4
eeungao,0
edetgnk,6
edkmfr1,6
edtnwpp,0
edl3jz1,3
edzkupx,0
edoj67y,5
eeos6gq,6
ef9q1tq,4
ef1i9q3,4
eeidamx,6
eeq8sim,4
efa5ht4,0
ed8mnwb,4
ed9042l,4
effka4d,3
eenhj27,4
efgvu5l,6
eda3duf,5
ee532vu,4
edr0gyg,3
ediiyko,3
ef3d3hj,4
edwk0oj,3
edhqnmi,1
eenl2jq,4
eeodlb2,4
eepjd53,4
edqv0nr,3
ef3r0v2,3
eetvlkl,3
ef4eh5e,0
eedz2e9,4
edm26gc,0
eef2w27,5
ed6a1cw,3
edt7yvb,1
eeodu0d,6
efeoeou,6
eeujzsd,3
efdwu1x,3
ed8qydk,3
eeozbej,4
edokegg,0
eeaanku,4
eetacw1,3
eea7ivy,3
eeyn22a,3
ed1oug1,3
edtaaw2,6
ee6iphy,6
edh1767,3
efaa6n8,6
eeo4op1,6
ed10y3q,0
ef04w19,3
edrayos,4
edw5zjt,3
ef5d17e,3
ed4sg4w,6
efbj27r,4
eda4ma4,4
eepr6u3,4
eebblwf,4
edodxzv,3
edj00rk,4
ee0ovgs,6
eddkv4t,6
edb79g1,4
efecsa3,3
edwzkjk,4
effb2gi,0
eepmpf7,0
eeeqwbq,4
eff54r8,3
eff3mwu,5
ed9vbms,0
eeszik9,1
eeb6xxk,5
edrv1m4,4
ed72tpc,4
eczh6mi,4
edm6zip,6
eepw8ng,3
edhoqsl,3
efcnuq8,4
ef60db2,0
ed47xou,6
edh9t8o,6
eedxtl7,4
eeysent,3
eda9kvy,5
ee5ojr8,0
ednvjq5,3
ee3ez5i,0
ee3kor6,4
eczfbty,3
ef1t0x5,6
eem5zrr,3
edkz8sa,3
eefmlnv,4
edzdoki,6
edknaxi,6
edgtx6i,3
edzqh1i,3
ee4e6rg,5
ed211et,6
edaclnn,4
edgnyi8,4
ef19rfv,0
eegxzkc,3
ef131xp,6
eenvcj6,5
ed74vra,4
ee3b844,3
ee98wzd,3
edlw2g4,0
efg90h9,0
edxtibo,6
edm6qdl,4
ed6p459,1
eeanq7r,0
eetfduz,0
eefn8uv,5
ef96s4w,0
edmx5mv,6
eetm9zd,1
eeqyl4u,4
eejfrq9,4
edl87ac,3
ee35g54,3
eeu6561,0
ee5i9cw,6
eegnxi7,3
edzjor2,4
efgtpzv,3
eex192q,6
ee37xgd,3
ef40i8o,3
eexv98q,0
edzsn5e,1
eep0px2,4
edmst7r,4
eetdz7h,0
ee3i9ol,0
eed7yil,6
efdyqen,4
edhxflk,4
edng1aq,3
edgk4l6,4
eezjnyo,3
edtka5o,1
ef0pifu,0
efbk1f2,6
eetg179,0
edfg6s2,5
eeqai17,4
ef8k4d7,4
edxfzjt,4
eehthf7,3
eebxhxb,4
ef6u2bq,6
eez76p2,4
ef1gm6j,4
ee3t871,0
ee21tnl,6
eec8s5u,4
edrqnk4,4
ef390w5,4
efg6nx3,6
edfoypd,3
eczvupb,3
ee0taaw,3
ef783e8,3
ed8un4o,0
ed4fh9g,4
eefiteu,4
eepl0w8,6
efb0k3l,3
eemmnhm,6
eeesej6,6
ef9mbvq,3
efgm57i,0
ed6w2jr,1
efakc1k,5
ee1ixdb,3
ed70d2p,6
ee919ut,4
edaz1g3,3
ed26ckc,6
eer4oun,1
ee2uwyq,6
ef3cuhh,0
edgyww4,0
efe94e9,6
eeo6dx4,3
eej6i9l,2
eeb964m,3
edd3lzb,6
ed7myzb,5
edur7a5,3
ed79xso,4
eee1mg7,3
eebhxqu,1
eets2cw,6
eevcmsb,3
ed7oxbm,4
eerowk4,0
eczl4db,1
ed6pkzv,1
eddgwuz,6
ed1ud27,4
edo0cc5,6
efbc6ip,0
eelen0k,0
ed37lbm,3
ee3pa8o,4
edivsdh,4
ee3w0az,6
edkyq7s,4
efd2imq,5
edr12yq,3
ed6lz4r,4
ed2igms,6
edn10e6,4
edyxe6p,4
ef4sy8c,6
ed5u0qn,3
edt2p32,6
ed4ob8u,4
edsi4xr,3
efaaria,6
edq02os,3
ee4y04o,1
eeg3pe3,3
edd0p25,6
efcdne0,3
edbto6y,4
eexu927,0
edhrs95,3
ef70zlt,6
ef0j5rt,6
ee7a51x,6
ee2xsv7,3
edjnyxs,2
efh4ynb,1
eeo0df9,4
ed42oct,4
eehbfdr,4
efh9yyp,4
eeraeze,3
edibjfe,4
ef67xn0,2
edpzdjo,3
ee6v2ij,3
edn8uyh,4
ee3wney,3
ee7hjmp,0
eebmaol,4
efewzys,6
eesf98t,4
eemibsh,4
edu7o3w,6
ef6u5dw,0
efa5m1w,1
ef91k4z,6
ee4djdb,3
ee02ts0,4
edpcomy,4
eeorgbw,0
ed95s39,3
ee8e6n1,4
eeorub5,1
edinn3n,0
eeeaw8j,0
ef9zipz,3
ee12et5,3
ee31iqr,4
efbm1g4,3
ee84cqv,6
ed73okq,6
edlifi8,1
ef730h7,6
eemt4jk,4
ee0apa5,4
ed4tda4,3
edp6yl4,0
eeketov,4
eelpp19,3
effidao,6
edjl93i,3
ef5i3av,3
ed8vuhz,4
eda0er2,3
ee75uj1,0
ef811q5,5
eehts6r,6
ed6xfs0,6
ed1j9al,3
ef30dyy,4
ef8pwo7,4
ee3ekw7,6
edrigey,0
ed5hj2l,0
edan1sb,3
eff15np,6
ef7f04d,4
eelb8r7,0
ede39a0,3
ef5rlpi,4
effbd7i,3
ee1z4ot,5
eebfl6z,4
eenhw3s,3
eerj952,0
eeis7pu,3
ed3co3z,6
eea6kdp,6
eedgm57,1
eetho28,4
edkvv9t,0
een1j3a,0
eecy12e,5
eet71ko,0
ee3p1f9,3
edtxzkt,3
eexkhrm,6
eesqysc,3
eexmmdc,0
ee22y53,6
ed9xr9z,4
efcojet,3
ee3jtt8,4
eewmgpv,3
edxwle1,4
eednuty,3
eepo4t6,3
eegripk,6
ef91qi7,4
edsp4xp,3
eeq23lq,0
edbtnxj,4
effff2z,3
efc9def,5
eeznkcf,4
ednbqbt,0
eeekb3t,3
ef9vxk1,1
eelqr8r,3
eegqgtl,4
ef8d10z,6
ef2mvd2,4
ef49bp3,6
eeeyi6k,1
ed5zozk,6
ee48pcs,4
eetpais,4
eep9pse,4
ee3mzqh,3
edzwmxs,2
ee9vhsa,3
eeldqgx,3
effm9ct,4
ed96sxm,0
eeig4r0,3
efc3bml,0
ef16sde,0
edw7wz9,4
edwdb04,4
ed196uj,3
eeqfilz,6
edg8cja,4
edfpf89,3
eet9674,3
edj0681,6
ee97vbu,4
eczfzz7,6
edl2fdy,4
efgeuen,6
eebpwp9,4
eeh9qft,4
edy5lt7,6
eev0tey,6
ed6swqh,0
ef3ueah,3
eev25a1,6
ee5p45c,4
eeg8ezh,4
eewm10f,2
ee2y9j7,4
ee4miqe,0
edeutkm,6
edrpy4s,2
efahyao,4
ed1rmky,3
efc3kii,2
efdw6wt,6
edvj0od,0
eeyclt6,3
ed1nwum,4
eendihf,0
eeumitx,4
efdfvft,4
eewayw3,5
ef0yyrf,6
efdiq69,4
eel42m0,3
ef0vpau,4
ef09k1c,5
edg7oc3,4
ed5c5qg,6
ef3w0l7,3
ed0dijv,4
ef1o2fu,4
eeepjgl,3
edog0xh,6
ee3gb8q,4
edpe2yy,6
ef2ycmu,5
edrb24b,4
eeccp91,4
eewa9ft,3
ee8quxu,3
edghgjb,4
ef8tnkb,0
edx8eru,0
efbqlwb,3
edwcpgk,0
edjziw3,5
edodxh8,6
een6zc5,4
eefujg3,6
edpw2z1,4
eetih44,3
ee4x7x2,1
eczusbt,3
ef9ttoi,0
eed4tkd,4
edcau2b,3
eexet2b,3
ed6dxeq,4
eelw51m,0
efdqjsb,2
ed8p2zm,4
ee09cut,6
eeipi7y,4
edwe3w0,3
ed2w9h3,0
edjycmm,3
edo2loq,2
ed4txch,3
eeywp88,0
ed9aauo,3
ee4o2mk,3
eejz2sc,4
ees6odw,3
eez5rv9,5
eesyu4o,4
eetyh82,4
ed9goic,0
ed4pkry,6
ee7g7q2,5
ed1vgtp,4
edcqf5m,5
ee2q9ox,4
eehm1c1,6
ee103qd,6
eevkkqw,4
effdp1n,5
ed3muot,1
ef4s68i,6
eff52fk,3
eev7uaa,3
ee2kpvc,6
eds3peb,3
eedb2er,4
edted0j,4
efaegvh,5
eeiupun,2
eef3jau,0
ef32sdd,4
ed86t6r,6
edwoue2,3
ee4aylr,6
ee1coxx,3
edbhgih,6
edyn827,4
eenpbwr,4
ee2rrgs,0
eenp1pd,0
edgp3eg,6
ee9a0fj,6
ef4urxy,6
edkjmgs,4
ee92p4n,4
edf3ixd,4
ee10n7g,3
ed1pn0a,3
eeod0cc,6
eeg5t8c,4
edn5tyk,4
eer2q78,5
edkq0pv,3
ed4edc8,0
effaom0,0
eduhvb7,4
efaqwhx,3
eelmaa4,3
efbxxwq,4
ed48aqg,0
ef39gwn,6
ed5uiry,6
ee0vbba,0
eev4wml,3
ed52w0c,4
ed6rxsh,4
ed060n3,6
eezdk5s,0
ed5o8h3,3
eeqzxzj,6
edgrpuf,4
edkh28y,6
ee28j4y,4
eeo4x88,1
ee70370,3
eens4w2,0
effz7h6,4
eepq5y3,3
edokzwb,2
edyws2s,4
ed1dgap,4
eeupgje,0
edz7kad,3
edrjfqi,6
ee1get8,3
eex55fg,4
edr1hz6,3
ef6cvr0,4
ee5xvub,3
ede81cn,3
ef54tnr,4
ef5hhri,6
ed2655t,0
ed6syhw,6
ee68cn9,4
eejjr65,6
eenbh7x,0
edqc1yz,4
ef02evj,4
eewu1km,4
edo362k,3
edpgrl4,4
ef1zrig,0
ef4beb7,3
edlxact,6
efgm98k,6
eeg1sc5,3
edtfkk2,3
ed5zta4,3
eduivne,6
edz9zrb,4
edrxgoq,4
ef8y338,6
efftjy3,0
eergwgw,4
ee8h1wq,6
ed0uib8,4
eebmhdn,0
ee07ldq,4
ed8dcup,4
edq1nvk,6
een4s88,4
edh3gi7,6
ef7odkl,4
edu9dc7,4
eeu0j16,0
eeepbx5,3
ee61cjd,3
eeqdu2p,4
efh0u98,1
eevcnj0,4
edcm8gf,6
ee5ne6r,6
edq7vl7,4
eelv98w,0
eer85ad,6
eesno19,6
eezxeyk,3
eec8lim,4
eezsr2a,4
ef4dlbf,4
eewy6r4,4
ee4ayz5,4
edo6089,4
edaw2j2,6
eebmw88,3
eeszbk9,4
ef0rbe1,6
ef7u9ct,4
efa4vwq,4
eeeqkxh,3
ed9zu79,3
edv2j3i,3
edhanm0,4
ed1b5wt,0
efbda5w,3
ed7wzat,6
eeema0n,4
ed8id0h,6
edt2deu,6
edoz6ot,0
edrlgil,4
eere80w,5
eevpwe1,6
edg9o40,3
edoghuz,3
edxs8m8,4
ef4t3ur,6
eewzmut,2
edm3oea,0
edychc5,6
edur7xa,6
eerx59g,4
ed0pwew,4
ee8tkaa,6
edaj429,0
ee11yns,1
ed60knl,3
ef5f877,3
ef19rrf,6
eenvzo0,6
ed32d92,3
ed0i70k,0
ed9o2lu,3
ee1nqb6,5
eepwsnq,6
eew6mts,3
eeeuzfn,0
ee8z020,3
ef3xkza,3
eebdfk6,3
ee6ohr6,4
ef607uj,4
ef64yhq,1
eczgm6f,6
eeye3ry,3
edsb8wi,3
edhilfn,4
ed7jo5e,3
ed7bg7i,3
ee1rkwi,5
edjsve3,4
edoejpx,0
ef5wsk1,4
eff10hy,0
eeorxwd,6
edzwslf,3
edqjvo0,5
edcm3cr,6
eduxkh8,6
eetrfd1,6
eex08xg,4
efafosi,2
efbnv71,3
eel75gq,0
eef0mnk,4
eenrens,4
ed7bpr1,5
eebuozc,4
eeo6ius,6
edvaqlg,4
eecrq51,2
eeuzz11,5
eegb7jl,4
edk6w8j,3
eddktov,3
eect4wn,6
eda3seg,4
eex2z2r,6
ee9jvfx,3
eerr82c,4
ee7toae,5
efag0ql,5
edwyapx,2
edi4u1a,6
ef64yoh,3
eegfgs5,3
eew7qjt,3
edikweb,6
ee50584,4
ee4czj8,4
edfvs77,4
edms5cl,0
ed8yx1p,4
eeutvg2,4
edk6gbr,5
eejj57x,1
eevg200,3
edn65tb,3
ee4kmno,0
edth1j2,4
ef5urrx,3
edeyog7,4
ee8f682,3
ede611b,6
ed9iecn,6
eeng6wv,3
eems49s,3
edmgwb2,0
edtmbvs,0
ee0r36w,4
ef3gmtm,3
ee1mqwo,6
eew266o,3
eeb90xv,3
efg2r3l,4
eeyhxzq,1
edljm4n,4
ed9vovm,1
edl8mqz,5
efe8j5d,6
ee92had,6
eeu5mfp,3
eeetsyl,6
ef2hcbw,4
efag9qk,6
efdhrfd,5
edxf3sw,3
ed8m1tq,4
eeqqgn0,4
edimnt2,3
ee5z7uc,3
ef9qs73,0
edusa8c,4
ef8g88z,4
edg2u44,5
ed3qe4k,4
eec4wqa,1
ee3e1ph,3
ed391go,3
edgjvyh,3
efddfe2,3
eekz0vq,3
edeqajh,3
eerpe67,0
eeinruj,3
ef1x85j,4
ee3zlc2,1
eep6w1l,0
eegfjlp,4
efdwddq,3
ee8yy8w,4
edhgiy7,2
ee63efc,4
eduge0v,0
edk3huj,5
ed2uyol,6
ednculf,3
ed2hvlf,0
eezvpdn,4
eeqmptc,6
efh50bc,6
ef2u519,4
ed3mf1l,6
ed27iy5,3
edyb804,4
eduuk6t,3
edh94dx,3
edixbsb,3
edbyvi1,4
edt9956,5
ed41m72,3
ed6rz20,3
edb9w17,4
eex7a62,4
eddp57z,2
eettdze,6
ee79w6s,3
ed8jisf,0
ef12vk6,4
efgjczx,3
eeza6lx,0
eeecutl,6
eezzt7a,0
edlk1zx,3
ee7ctbp,5
eegwepn,1
eeejwws,3
ed8z3iv,1
ee2hrev,6
edq5e3n,4
ed73mu0,4
eexf473,6
ee52iny,0
ef9ibsj,3
edm9lwz,0
edtszfy,6
eds0hr5,6
edewa7g,4
ee1hrdg,4
ed3684r,6
editybe,3
ed1i50s,3
edhuktb,2
eda854m,5
eei0b8d,4
eeeb7ar,6
ed42d0u,3
edtkad3,1
edljwii,6
efa80q4,0
eephzhz,6
eenpty8,4
ed5hvpa,4
edxbkzt,2
eer0hlf,4
eeuer5u,6
eepf1aq,3
edgkwiy,3
edtbcto,3
edzlfdm,3
eepb46i,3
edume43,3
edapvif,0
eeayeuu,0
edwh8wz,3
eeds7gr,3
efdoh65,0
edttgwt,3
ef2p9mw,3
edn3s0d,3
ef49up7,3
eesrmui,0
ee3gbbl,6
ee8hv51,3
edq3vgn,4
ee3ws39,3
ef6ij1d,4
ef4yaoq,1
eff2ct1,4
ee0psvl,3
edw65t1,1
edw5iqn,4
eem6ixj,6
eef48yd,2
edc36re,3
edrs9mh,3
eetu8gb,6
eenkhyw,3
ed4xx03,4
edosx12,6
ef3dzvv,6
ef8ka3k,0
ee3jr79,3
edt494w,6
ed1msvm,4
eehn6sf,0
eecyjeb,0
edakaql,3
edrtk9a,0
eet4gbe,0
eedvwoz,0
eedn836,6
ed08b0l,0
ed60o6e,1
eeqta1y,0
edm34qc,0
ef9uk67,4
edj84ja,5
edlm38f,6
eekim14,0
edvmuy3,6
ee8rdzm,6
ee5ede3,3
eeq3xn1,6
edaf7ls,3
eeu1m0l,0
ee3yh8w,3
edez73c,4
eeqr8n9,3
ef2f4xp,3
ededok1,3
eel2pzv,4
edmzko2,1
ed9qqg8,6
eeaklmk,6
ee0r22m,3
een409v,6
edozypw,0
edgfvls,4
ee5xvwn,0
edup2m7,4
eecsc0x,6
ed4ucxx,4
ee36ak1,0
ef26myj,3
edradk1,0
edz8w0k,3
ef6huzn,6
edm7czd,3
eeyg6h4,6
edbd60i,0
ee867uh,6
edm0wg2,6
efat5t8,0
eeqqd04,5
eduv7lp,4
effhuop,4
edabp87,3
edus4rv,4
eee56tq,2
ef17w5q,3
eemwve7,6
edfo0jm,0
edd0t0r,0
eetlwh1,3
eeltdow,3
edagw2c,0
eeilyeo,4
eetwv0j,6
ef6ejfi,6
eeua1pp,0
ed48krv,0
ed8zubh,4
ed85lam,3
eecnxq7,4
eegnufg,4
edjxbtd,0
edpbsw2,4
ed0gkjf,0
edgcrmk,3
ef1stt9,6
edoa8hc,2
eeytz5o,4
efcgcrc,3
ed4rxcr,6
ed23un4,4
eeugov9,0
ef9shz1,3
eda9bvr,6
ednw91y,3
ee0yye6,4
ef9y4uz,4
ef7fssj,6
ee7im7c,1
edt9oo2,0
ee8dbvg,3
edcid6m,4
ed46bkq,0
edbrkia,4
eeqmfii,6
ef78w8k,6
ee79sao,4
ee4rjse,4
edq029x,0
eedbjkn,0
efdbp5v,3
edbm7xp,4
eew4nqv,3
eenccvp,3
edgldzg,6
ee3wcxe,4
eetaj5u,3
edtkqat,4
ed9s8qe,2
edfycfr,6
ed4wo23,0
eek92cf,3
eegou3r,0
eeg64qz,3
eexfjqb,3
ee8op9a,4
ed4emvp,3
efdxat6,4
efcajd0,4
eesmjoo,1
eddabsv,4
ef3r8uo,4
edozls6,3
ef89i62,3
ed1ii6s,4
edn4c87,5
ed4w39z,0
ef40528,0
een00dl,4
ee9lje1,0
ef9xv2o,4
ee97qyj,6
eeugkmd,4
eea997z,0
edi7nx2,5
eea2gtj,4
eek32qy,6
edkfsm6,4
eenqj7j,3
ed1yg7f,3
eerlvqo,3
edwv5o1,5
ed4eola,0
ee376k9,4
edjcfwz,3
ed8h6i2,4
eeaoo7j,4
ee1a98v,6
edo7qib,0
efaul5g,6
ee8pz1j,3
edog6d1,3
eczmz2i,4
edwvnm4,0
eff1kgh,0
edzcjhn,6
eddjyx2,3
eeeqagt,6
ee7hgcm,6
eczjbdy,4
edxa535,3
edfiw7l,3
ee9gpyo,0
eebg0d9,0
edlaoo8,5
efh510l,6
ef6xzan,3
eed4naq,0
eetgsio,2
efefkv4,1
eejztor,3
eec9t9e,6
eeicjxs,6
ee9mh3y,6
edlula0,1
eel7yir,3
ee1n5o5,4
ee996p2,6
eea18ii,3
ef12uz4,2
eeplai1,3
edptio1,0
ef7lwnw,4
eczueoz,6
efeos61,3
edm08wz,0
edsglur,3
efearm4,5
edeml2x,3
eenj1nc,4
eeakysp,0
eetlh1q,6
eeepfbd,3
eerwdmi,4
eec12le,4
ee5o9qc,5
eew5b0j,4
edkfzkt,3
edhjtlr,0
eefhvox,0
ef7fsrz,6
efc5r05,0
edjaev4,4
edig3tb,0
ef0xnr3,5
eehhji8,3
ed2az0o,4
efh8e09,4
edh2epm,6
edcxf38,3
ef5suva,4
eer39w6,4
ee8r0eq,3
edov4rb,4
edn3086,3
edebfmc,4
eeuia26,0
eee30r4,3
edd4m3l,4
ef2n7oz,4
ef8yp5h,6
eeq2udw,5
edcjbae,6
edcmiq3,3
edc47j3,4
eexy82c,3
edelrki,3
efee2c6,3
edirhr2,6
eecf3ji,4
efbeqvc,6
ee6r0ks,6
ed17mmh,3
eebx7x7,3
ee1kg09,0
ee5nfbq,3
edt640l,3
eeu0qyz,3
ed7niut,5
edqpmkt,3
eea17fw,4
edm5qv7,2
edd0jx1,3
eeemmwk,0
eefxn5s,4
eek2ntl,3
ef1ryif,3
eeq0fdr,0
efbzsc2,3
eedsu17,5
eelbr0z,4
edyl3x9,6
edvwmos,4
ee6b97a,4
edjh2ja,2
ee451sg,2
eewjd3i,3
ef50zaj,6
edozbj0,6
eemtsrk,0
eeaj34s,3
ee560ot,6
edh5ho0,3
edvapuo,1
eeuhgqn,4
edfup7i,0
een5sns,6
eetlif1,4
eexapep,3
eelfjvg,0
ed3cz1p,6
edbhwg7,3
ed8latb,5
ednk0nk,1
ee5lxb7,5
ed295in,6
ed0i4fk,5
eercjmw,6
eedrvtr,4
edvawr9,3
eezeur1,3
eerahz4,5
efcw44j,6
ee5lizb,6
ees0ud4,5
edrvu58,0
eeue9x6,6
ef0vdq2,4
ed9azzj,4
ed50t4t,1
eeu2l6c,6
ee3a4yj,0
ed9d7vj,5
edghuit,1
eeyvzsg,4
ed8t9b1,6
eei9t8s,6
ef4i3st,3
edjdk01,6
efdtoze,4
ee9si6b,3
edkdjto,3
ed49941,6
ed5xb34,1
eeg40z9,4
eeqvj5w,6
ef3mnfz,6
eennfur,2
efffep1,3
ed4qfxg,6
eep3h2m,3
ed8yud4,6
eektzo2,3
eebwxkr,6
edri2b5,4
eefyqhg,3
eect3c7,4
edq06vd,4
ed6y43m,3
ed256es,4
efe39wm,3
eeetrf7,3
ef4hqt0,3
ee2onhw,5
eemltxu,6
ed67htg,0
edlchw0,6
eebke1t,3
edcjoj4,6
ee8hpn1,6
eeoweu7,4
edulkmv,6
efa9sdv,4
eepx0ka,4
ed50bmw,5
ef6vgi7,5
eeq2xbc,4
eepc212,4
eel26qy,4
ee557tj,3
eeuua1j,0
ee83yqt,3
edcd8og,6
edi490t,3
eekm8q1,4
ef7p9rk,3
ed146ro,6
eczpfqw,6
eetzb16,6
edem489,0
ef5epft,3
edrrmt9,3
ed1tqle,5
eel4gji,0
eemjtpw,3
ed75h49,3
ed23u11,0
ed529aa,6
edhkbec,0
edosajf,4
ee7odyo,6
eewk9e0,3
eemyegn,6
ee5q1wn,3
edp9uoq,6
ee4vc1a,6
edktwqm,6
eeqxizl,6
eeq2rcw,0
eeo2u54,0
eegn38f,5
edmw8rt,6
edyftpw,3
ef1vkp7,6
ee8wv5f,3
eehqoet,3
edenjpu,6
ee73d7q,3
ed6c5fu,5
ee25h6y,4
edzhlu9,0
ecznju7,4
efdvksk,3
edsz983,3
ee8us0n,6
edn3n80,3
ed2uvxe,6
edftorz,3
ed5crs5,6
ed2q19m,4
ef46smj,4
ed0cmts,4
edbjcwi,4
eek2bir,4
eeq7rro,0
efdtq3o,3
edubnry,6
een9ben,6
ee0a6m5,4
ef4yvw8,0
edjw4gq,4
ed83k2j,3
ed9ldgu,4
eeewcra,3
ed4m0qz,5
eeynkjq,1
ee92dyh,3
eee253u,0
edru75z,4
ede34v4,4
edzzi27,0
ef7tspn,5
eeuo6d4,3
eeww6nx,6
eddpto7,3
ef7c27s,3
eczx6ys,6
edp0k2q,4
eesy0yz,3
edbt4wx,0
efa453d,6
edf27sz,4
eff82dv,6
eeyoa9n,4
ee1doy4,6
eekv307,4
ed5cblv,6
eex1z78,4
ef1qdjl,0
edpr4pz,4
ed71hr7,3
ed0mbz7,6
eew9za9,3
efd2t93,6
eesa65i,3
edh3yqf,6
edzv8zv,4
edooo1c,5
ee3dyoh,3
edflagy,3
ed9c7dq,3
edwfd53,4
efemt0g,3
efen42g,4
eduxv08,3
ed47lpl,6
ed1mazu,5
eegyi25,6
edun0k2,3
eduz8d0,4
ee5jewh,6
ee7n40v,5
eek89ki,0
efgb4ka,4
edby929,6
efb6pe5,3
ef41lgg,6
edldwd3,4
ee0jjkm,3
eeoipmw,4
edypsys,3
efg6nt1,3
ee8nf52,4
ed64obw,4
edokwxy,4
ee5hsq6,3
ed6gw3e,4
eebm9s8,4
ef33bmr,6
ed2yc2t,5
edd5wxl,4
ed62vv7,4
efdw5u5,3
eepabpu,6
edblexb,3
edabwk3,3
eeulbpf,3
eeam3jz,0
eeuudh4,3
eewboco,4
eewkmlb,5
ee27gps,0
edv4vot,6
eedq34x,3
edyoe9t,6
edtao5v,0
ef4pxbp,4
efcr4cm,4
edk5zy9,4
edic5x1,4
eeao5p8,1
edcidsm,4
ef2jabt,3
eezy7jh,3
ef51lht,4
eegvvgs,1
ee3hria,4
ed88ihl,0
ed10dfd,5
eedqpka,6
efb9acz,0
eerudzj,0
efa8ogq,0
ee8let7,3
ef7hkvf,0
eczj6af,2
eefjd6c,0
edc0gv5,6
ee08uhd,0
efa5xe3,4
edjq36r,6
eda6tvw,6
ed61lxp,6
edkqj5w,3
efg88ln,4
ee7wqdn,4
ed2ktj7,3
eeafigq,3
ed184ql,3
eeia8n9,4
edjiuwg,4
eekyspm,2
edy3796,4
ee8ctxm,2
edosk3l,5
ed6d03m,4
ee5emrk,3
ed47fl3,3
eeo4ds5,6
ef9gihb,4
ef1eq85,2
ee90w9r,4
efcx9uv,0
eerhlgd,3
edg6ig1,4
efdmypb,4
eer4mt5,6
edqa9v6,3
eczez7j,0
edw262u,4
ee6peah,4
eduqxu5,4
eezbpxo,4
eduqcfj,0
eekimxt,4
edzpk4p,3
eeiidu7,1
ee3qi05,4
eda23xf,5
edlcucz,5
eda1817,3
eeeg69u,0
eekgi19,6
ed6hj5v,0
ed4vmnc,6
edxftbn,0
edow9ya,3
edl7xlz,0
eeokx88,6
eeu24z2,6
edr59eq,4
ed9feu7,3
edjhabp,3
ee9248r,3
eet2ofl,3
ee8l5zw,3
eep0ix8,4
ee3jles,1
ef8aufx,5
edhunph,3
eemecoa,5
edcrpag,4
eer7zky,3
eekr69f,1
edkh0u7,4
ed4pfjo,3
edpsii7,1
ef236od,3
ee8mfir,4
ed4tv6j,4
eepobi3,6
ee2nk3z,6
edy313h,4
edplze2,2
eeh3fac,3
edudv43,0
eddyedw,4
ee24uie,5
eew4e9a,3
ee78yiz,4
ed37epe,0
eetnbrw,4
eda9zq3,4
ed1z5be,4
ed6hrx0,4
eet3lk8,3
edo91pt,6
eepknk1,3
edvb2r4,4
efacxvv,4
ee9efqt,6
ed0fw6m,2
efgm2no,3
edoxyzg,6
edb2nwr,5
eezsv9j,4
edv80yp,0
edlko45,4
efd3b7n,0
eevwsc6,6
efbjmyf,4
eetycos,3
eep3kkz,6
edfs5k1,5
eepqqml,0
efdmmbq,3
edx7irk,4
efdkt10,6
edkd7t9,4
edpmh95,3
efarfdz,6
eenjyah,6
eeq02d5,6
ed635m3,4
ee5m9k2,3
eeyvlxh,4
edacf6f,4
eei92s2,6
edfqsv7,6
ef1h4if,4
ef0y67l,4
eeswa6m,3
ef2nx5q,4
eea97o5,0
ee2bd7a,2
eepcvze,1
ed86cjz,3
effjbe8,4
edoglhv,2
edf17ah,4
ed79tsw,4
eesioex,5
ediagf8,5
edqql86,3
ee8gc3a,3
edrdd0n,3
eehvsaq,0
edvq520,4
efet0j4,0
edg6oq8,4
edglwtq,4
ee1k7h4,3
ed1wud5,5
eeskm07,3
eddebe3,4
ef4mur4,0
eegst1x,3
eeq8839,4
edlhe3h,6
ee5cjog,6
ef808x4,0
eeii5r5,3
ef9iwjs,6
ee21vqz,5
eepzk7r,4
eda3opb,4
ef5nlo9,2
edndst3,6
ed7sl19,4
ef6ocrw,5
ee6t7tp,4
ed3mzz1,3
edc6je2,3
efclliu,6
ed3w5vf,4
edujmcx,5
edjd969,5
ee66c9z,0
eduuwq7,3
ede4o2v,6
edscfnz,4
een1zzu,4
eeq34je,4
edofshk,0
ee0r0l7,6
eew1fwh,4
edmgmgz,6
ed4vau2,4
edfn4nd,5
ee9su7o,4
ed5r0i1,6
ed5c6mj,3
eetxlxy,4
ed8ooc0,3
edcqwfw,0
eeuo7nr,4
ef5i22p,6
ef2xxq9,3
edbiw5b,3
ee7j2ux,2
eeqkifk,4
efe367n,6
ee2r9s6,0
edirstx,4
eerv0m6,3
eeqmrl2,6
edpq32y,0
ed4cpjo,2
eeo1u45,4
ee0kauc,4
eeist6u,4
edohpus,4
eefx8tg,6
edoabf6,3
eee00pm,3
ed9ir21,3
ef3wzqr,3
effb3xa,6
edfr7aa,4
eepmgiy,3
ee2gxgu,4
ed3jjhr,6
ed5cd6d,3
eekiyhy,0
eeptzv7,4
efc444r,1
eefxuef,6
efd04b2,0
efgnqoi,3
ee6cvki,4
ed0ujqh,6
eeadguz,0
ee0rvn8,0
ef86xt1,4
eey3wm1,0
eeqw4lv,4
eff8m54,6
edhd1sj,4
ee8hqqr,3
eeforq2,4
ed67bvy,6
ef7e03t,3
edq6lly,4
ed8ll4b,6
edsafjm,1
ed1oyod,6
eebhsak,3
efbogyx,6
ee5t2eo,2
ee2qylq,6
eezoyq2,6
ee9xzhp,3
efdlk3r,3
eeeekvh,4
eell134,5
efgqeif,0
ef0xxj2,3
ee6xhfz,6
eepw7em,3
ed50r7g,6
ef7ha7l,4
ef1hli8,0
ed2g211,6
eed8cg1,0
edgw4p9,4
ed2f978,3
eetc1j1,6
edv5i27,4
edo0zkl,4
ef8kj0b,3
eem52g7,6
edv67uw,3
eeqd3fs,5
ed9wqeb,3
edk4ufg,0
ee87hk8,1
efh6qsl,4
ef0ihbl,6
ef7lggm,4
eeibo6i,0
edej9qa,4
ed3598m,6
efgz3es,3
efgkaee,4
edbye2t,2
ednjilf,6
eeptfaa,4
ee96i70,3
efh6oic,4
eeta1qa,6
eecox9a,3
eew9ubu,6
efdxbeo,3
ef4gzmc,0
efcz1ee,2
ef76wjr,4
ed3i4gx,4
edka5nb,3
eebxspf,5
edyifnw,3
edmqf2v,4
edw2r5i,6
eeb915h,1
ef0e4ep,0
ed37qi0,3
edjeqnb,4
ed0j5h0,3
ed44yea,0
edd3ryz,4
eecednp,3
eel9csq,6
ef9gur2,3
eddrd42,3
edsgre5,3
ef462vc,0
eej9coh,3
efdyv5p,6
edcna4c,3
efah9rb,3
edoqnr3,0
eedae9y,3
eeilj89,1
ed8uwtz,6
eevwe7c,1
ef675xt,3
eefugwr,1
edd9h8m,4
eewevfh,6
edr4zvg,4
eeuoejg,3
ef1ikb7,1
eem2x8o,4
ed0sblx,0
eezjo56,3
edz2aql,4
edam8ul,1
eetfvex,3
edckr48,3
eegt26p,6
ef38sd2,3
eerjou4,4
ef54otk,6
eeoiqz1,3
eedlycq,4
edfth7l,6
edqcq7f,4
eevff00,4
edhip1m,6
ee4ljrv,6
eet51lu,4
eenojku,6
eczscqr,4
eeukd29,0
edcy1jd,4
efeu754,4
edj6bdj,2
ed4h3m7,4
edm5c3g,6
ee1pi55,4
eeoz1nm,3
eezx4t7,0
eeidol8,2
eek8t9y,6
ef80u3k,4
edouwrs,3
ed29p28,6
eelk2pi,4
eezw2fl,4
eewbzlx,3
eda25gz,4
efb50zf,4
efbcxjd,3
edl9gx4,5
efb56j2,4
edhr051,4
ed1nc8c,4
eduq5ma,0
edpg57t,4
eeca7de,4
eeb1tcc,6
edjtp1d,4
edyz9mf,3
ed1ms3j,0
edi99xq,5
ee1dnn4,4
ed2h0l8,3
ee2ofju,6
ef4lrdu,4
edyx29x,6
eep19p5,3
ednqq3o,4
ed003qq,5
eevvus4,4
ee6j2me,6
ed2enk8,5
edzmkbp,0
edp323f,4
eex9lba,4
ed38erp,4
edxepun,4
ee8xyo7,0
eeg6rqr,6
eew57w8,4
efgega0,3
ed6ek3m,3
ee5fz4k,1
ee1g7vt,6
ee9jdxh,4
edn7mtm,4
ed6fpjp,4
ed7x62x,4
edx6f3z,3
ededg5v,0
eekwddb,6
edoigca,3
edbc8d6,5
een7cjm,1
eevfocn,0
eeseie5,4
ef8wmy7,0
eebjkwc,4
ede2zgs,3
eekby4q,0
edgsl7n,6
ef68xzq,4
efdygcn,6
eeaothh,3
eeim5c0,5
edl27ai,2
edv92ck,0
edypmwb,6
eee6xwj,6
eeggspj,6
eezcz2y,2
ed9qoc0,4
edq6tbl,4
ed2bfov,6
eeaku8o,4
ed9tqt3,3
edr2ssc,0
eemajnt,3
eemn1s5,2
ef4ua8p,0
ede0xwo,0
edrdib5,6
edlmoh8,3
edpcfiz,3
ee78wzy,4
ee3uztg,0
ef5lhwg,4
ed4jqtd,4
efeq3nv,6
edmt2iq,3
eejyd2o,6
edem6q7,5
eexjw4o,3
ef4xu6z,4
eevuskc,6
ed50513,6
eeyzv7f,6
ef6p9kf,3
ee6y5p9,4
eekhjl5,4
edz12qs,4
eegsfr0,0
eew137p,0
ed92hr1,6
ees61na,4
edql5hy,4
efeq52i,5
ef5ffuw,4
edomg6o,6
eeuafof,4
eczje98,3
ede9hpd,1
effj51y,6
eefycxh,4
ef6mwwv,3
edx6fdz,4
eeem48t,5
eekfk83,1
eeb2uod,4
eege4y9,4
eepjk61,6
ed5rlwn,6
efbu07b,3
ed4h64w,4
edmkuuf,3
eda5d0q,3
edftl0o,3
ef0vhlz,6
eeqlsj0,0
eebbnny,4
ef90j1p,3
ed00e3l,5
edgt7aw,4
ee5hyx7,6
edzhcjf,4
ee11e1h,4
ef4g3yz,4
ed93o2e,6
eex16pq,6
eczcvgx,6
ef0wcpk,4
eeq7v23,3
edzxp7r,6
efa7p45,3
eczxpjy,6
eexs4zr,6
ee98dke,3
edk95s2,6
edg5o0w,4
ef8vyyh,4
eeqvde4,0
edkurfd,4
ee91yqq,3
eddbin6,5
eetayw7,4
ee5dbyg,1
edmid3d,6
edgnky5,0
efb7e1k,6
ednrlw9,4
eewpl8e,3
edzpi8j,4
ee4rvej,4
eewcd7j,4
een3izh,4
edw68z8,6
ef0enmd,4
edl0ut3,4
efg5qmi,5
edsbnl1,6
eenxdhp,0
ed9zqbs,4
eeqvyyg,5
eduivs6,4
ef0a47q,4
ee5nuv9,0
ee4y66r,4
edxe17g,3
edg7akf,3
edlt0qm,3
ed8i1ws,3
ee02dxp,4
edj2bse,4
ednudks,2
eeexmdr,6
edz2dzf,6
edj6qoa,4
edzi9qg,3
edfjbsv,3
eevjrw6,3
eef8b00,6
edx29pk,4
eez3kgr,3
eec2r8d,0
ee39zwe,4
eezh3s6,3
efdkyxs,4
eeez1ik,6
efb4b8f,3
ee3uopy,4
ed4zoov,0
ed9t9qd,6
efbf9dl,4
eew3fg8,3
edm59ci,0
ee72v7p,5
ef7noih,4
ef71nlv,6
ee0z5dh,4
eexbn8q,6
edhk6dg,6
ee5h4b6,6
edoy5ok,5
eedx12i,6
ed0it1e,6
eeq7qd2,3
ee6lao8,4
ed8urm9,6
ef5r1ke,3
edrk5we,4
ee8rrho,4
eef2uo1,4
ed6ybvx,4
efa6rw3,6
ee2k852,3
edlqyc7,6
eex4qnx,5
eemi935,3
eduvkpz,5
ee9mvpt,3
eeleixf,3
efha0zn,6
eeam01f,6
eetqghd,3
ee7crld,4
eed8ytc,3
ef14qcj,6
edgce6d,5
eeev722,0
eeefuqa,5
edeo0a6,3
ef8i7kf,3
eeglsgh,0
efeu6yu,0
eeg061u,3
ee9rhdo,4
ee9no6c,1
eekaltq,3
eeg71ym,5
edcm0it,3
ed36sbw,0
edtjuae,3
eep99xq,3
edn18fn,0
eexkfku,6
edext4x,2
ee2ioqu,6
eesjxth,3
ed1zak0,6
ee32fic,3
efeymfg,2
ef1k0ws,1
ed7oh4f,3
ed9o2ww,3
eegoke0,4
efcsh3f,1
eesnlsb,5
edm6a7l,4
edsuxt9,4
eddo2dd,6
eete10e,1
edma0sp,3
eddq3p9,4
ed76sd5,3
ef97j55,3
edotqiz,5
ed4glqk,4
eet3ewt,0
ed8v0vd,4
ee8mjqp,5
ed2qzhv,3
eeduikd,3
eczgmqi,6
edchruo,3
efa4bup,3
edush3w,3
eefy5l1,3
eejkq0e,6
efg9rcx,0
eehltq0,4
edxzmzw,5
ed702q1,3
eekdt3e,3
ed1p5dh,4
ee4j5i9,0
edff8lo,6
eemh55u,0
efaw4lt,3
ee83rob,6
edodrci,6
edl5j82,4
eegsnyp,4
eetcfkp,4
efgv5zy,2
eeuy8ts,0
edmxdm7,4
edrjkoy,1
ef78h68,4
eekzq3k,4
eeg2gqv,3
eev7adx,4
edgc5ds,6
edzx8kb,6
ee1gbnt,4
ed16ggc,3
edkpvfm,4
edwybo5,4
ef4vxhy,5
eewkzff,4
ef0bbo2,4
eenpp7e,4
ef706no,3
edne8j4,6
edgmyfu,4
ed59bnu,1
edlpvdq,6
edlq3g5,4
eeemx8b,3
ef4nr1b,4
eede41d,3
eegqslw,3
eemovlk,6
eep70hm,3
efei6x7,4
efgkqob,3
eerk3up,5
edzarre,6
ee6mwmq,4
ed4jaio,4
ed21elv,5
eettn7f,5
ee7qz65,3
eddqytx,0
edk2qbc,0
efh5w08,4
ee6030g,4
eei436p,3
ee5narr,4
ef9olan,3
eemefit,0
edn3kz9,6
efeukn7,2
eekx665,1
edeq0rd,3
edecsif,6
edjjrol,6
efdgnq1,3
ee400iw,4
ed2otg1,4
eegav4l,0
efarbmb,4
ef0qtux,5
eczm1a6,4
eemwklm,6
eewv6ge,4
ed51u06,3
eep5zgh,5
efh9qa9,3
eekmrgr,4
edjzhjd,6
eeg90ek,0
efgws64,4
ef0bxvd,3
edmd8j9,4
eersflu,4
edhu00c,6
eey57jf,4
ed0hvin,4
eesxrah,0
edgk0rz,6
edj5ocz,6
eczyqul,3
edwu7p4,6
edk60x0,4
eed882x,3
eeqxnjb,1
eedu8i4,4
eda5raz,4
ef8l099,5
edn3p80,4
ed4l6hn,3
ed0n5li,6
edw2xc2,6
ee3vgdl,4
edxgh62,5
ee9slnf,3
ee3vdmt,3
ef5zkc0,1
eef732o,6
ede4md6,3
efa9b9m,0
ef7rj8o,4
edcp0s2,6
eedoh1d,4
edm1ttz,4
edzc19h,0
eeiav5d,3
ef20i5f,4
eeu8i9q,4
edx6edl,4
edac7nn,6
eemb4h5,4
ednb8vq,6
eez206x,3
ee8ulad,4
ee4g8ql,5
eebepp3,6
ef6t8k6,0
edhuxz1,0
ed9dxjx,3
edx5nla,0
ee0q7ly,0
edfmk6s,3
eectrzo,3
eey5pn3,3
ef4uard,6
ed8adkk,3
eedt3un,4
ees5p0w,5
eemglel,3
edp44sl,5
ed76k7d,0
ef0qqe4,3
ef39njz,4
eenrhtj,4
ed4bh9f,4
eeu9cs1,4
ed9qozj,3
eelgsh2,4
edit49m,4
ef5htv6,3
eexx4hm,4
eekeawl,3
edfx3j5,3
eeavkfl,4
eeebcgg,6
eczj0e1,4
edhuw7p,4
eewk7ys,3
ed92tx2,6
edv4tod,6
ed1i773,3
efgn9xa,6
edrhln2,5
eegxfxe,0
eeemrwg,6
eds1uxs,3
eelc39p,0
edlotdx,3
eeemmzq,4
ed5fzc8,3
ee68h6r,6
edhgogk,0
ee2rswy,4
eerrxjg,6
ee7f4b8,0
ef5oovf,4
ee6o1mk,0
ed9q88b,6
edojqsb,3
ef0l1n5,4
eeodqq2,5
eedegp1,4
eeygkpf,3
edpohoj,5
ed2exc8,4
edrcdu7,3
efdl37e,4
eed43l9,0
eeuzpi9,0
edr3vme,4
efh0bdy,3
ee5bnyw,3
efgvews,6
edi7yht,5
ef8fpqu,6
edton0g,3
eeznzou,0
ef18p9c,5
eey5eim,4
edxsdjs,4
ef6dg2i,0
eezgiqe,4
eeaq6n6,0
ed8pbzk,4
edgbj6h,0
edt9nrx,4
edl43g4,2
edbdnwr,6
edolkf9,3
edoewx5,4
ef94f03,4
ee19srl,0
eebu17b,4
eeeved3,5
ed88wg5,1
ef55sqj,0
ee4utnt,5
ed5khaq,3
ed20116,4
ef16i3p,4
ednqwtf,6
ee0odih,1
ef9g3oy,4
edg03ai,0
eevqkpu,3
ed9ddbo,6
eed4zsi,4
ee3azyb,0
eexxip6,4
ee1qdz6,5
eeq77da,0
edd1lwx,6
ed0xg86,3
edksjof,4
ed7z5ry,6
ef0jr91,4
edob826,3
eenqx85,6
edzcy6z,0
eegetzg,6
eed7qb0,6
ed7ifbd,3
eeebmhi,0
edvok5j,3
edpy32u,6
eejxciz,0
ee0k6ng,0
eduzbw1,6
edfmq79,4
ed4c07a,6
ef79hcp,3
edge00c,6
eessito,5
ef8wa9n,0
ef7webw,0
eeb2y2u,4
eekh0zq,6
edy1545,4
eetk2u6,0
eczfs6b,0
eeznsow,5
ed1so06,4
edt0dvz,3
eevfn1s,4
edyls9d,4
ee5dx9l,4
ed50ua4,6
eeobtjx,0
ef2pdzn,4
efaqexv,3
effplzu,6
eej6pw8,6
ed7f4rm,5
edabm5a,4
eepwhro,3
eevy72t,3
eczm86v,5
ed79alu,4
eer7q6k,4
ed8y73y,3
edpq6cw,0
edy1rlg,5
eepu3bf,6
eekk826,6
eeqrhdo,4
ed2fq86,3
edhhkje,3
eezc65u,4
edduyro,4
edy4kl7,4
efeeasc,3
ef9c7s3,3
efbiugo,4
efbvgp9,3
edtjpv6,4
